Project Name,ST_NAME
Abbot Street/ Shawmut Ave,"100 Shawmut Ave, Boston, MA 02118, United States"
Academy Homes I,"1592 Columbus Ave, Roxbury, MA 02119, United States"
Academy Homes II,"2926 Washington St, Roxbury, MA 02119, United States"
Adams Court Phase A,"1 Pemberton Square, Boston, MA 02108, United States"
Adams Court Phase B,"1 Pemberton Square, Boston, MA 02108, United States"
Adams Templeton Elderly Housing,"445 Adams St, Dorchester, MA 02122, United States"
Alcott Apts [Garden Garage],"35 Lomasney Way, Boston, MA 02114, United States"
Alexander-Magnolia,"36 Alexander St, Boston, MA 02125, United States"
"Alice H. Taylor (Mission Hill Ext.) (2-14, -60,-84,-86,-100)",
Allele Condominium,"150 Dorchester Ave, Boston, MA 02127, United States"
Alleyne (VUP) CDFI,"2 Atlantic Ave #1, Boston, MA 02110, United States"
Alpine Street Village,"Alpine St, Boston, MA 02119, USA"
Amiff Housing,"64 American Legion Hwy, Boston, MA 02124, United States"
Amory Foundry (Phase I),"320 W 2nd St, Boston, MA 02127, United States"
Amory Street (2-45),"245 Amory St, Boston, MA 02130, USA"
Amory Terrace,"Amory Terrace, Boston, MA 02119, USA"
Amy Lowell House,"65 Martha Rd, Boston, MA 02114, United States"
Anderson Park,"Goddard Ave & Newton St., Brookline, MA 02445, United States"
Andrade (VUP),"459 Broadway #102, Everett, MA 02149, United States"
Andrew Square Apts,"235 Old Colony Ave, Boston, MA 02127, United States"
Angela Westover House,"536 Granite St, Braintree, MA 02184, United States"
Annapolis (2-27),"2 Annapolis St, Boston, MA 02125, USA"
Archdale (200-7),"200 Archdale Rd, Boston, MA 02131, USA"
Archstone Boston Common,"660 Washington St, Boston, MA 02111, United States"
Armory Condos,"380 Bunker Hill St, Charlestown, MA 02129, United States"
Ashmont (2-28),"228 Ashmont St, Boston, MA 02124, USA"
Ashmont TOD (Housing),"1916 Dorchester Ave, Dorchester, MA 02124, United States"
Astoria Street Condos (Elizabeth Street),"217 Elizabeth St, New York, NY 10012, United States"
Atlantic Wharf,"280 Congress St, Boston, MA 02210, United States"
Atrium Lofts,"1079 Commonwealth Ave, Boston, MA 02215, United States"
Audubon Apts,"16 Miner St UNIT 206, Boston, MA 02215, United States"
Ausonia (2-61),
Ava Theater District,"45 Stuart St, Boston, MA 02116, United States"
Avalon at North Station,"1 Nashua St, Boston, MA 02114, United States"
Avalon at Prudential Center,"780 Boylston St, Boston, MA 02199, United States"
Avana Lofts,"42 Beach St, Boston, MA 02111, United States"
Avenir Development,"101 Canal St, Boston, MA 02114, United States"
Avondale Place,"Avondale Rd, Newton, MA 02459, USA"
Babcock Tower,"270 Babcock St, Boston, MA 02215, United States"
Back of the Hill 202,"100 S Huntington Ave, Jamaica Plain, MA 02130, United States"
Back of the Hill HOP,"100 S Huntington Ave, Boston, MA 02130, United States"
Bailey (VUP),"18 Main St, Townsend, MA 01469, United States"
Baker Square Condominium,"1243 Adams St, Boston, MA 02124, United States"
Balina Place at Norfolk St/Habitat,"434 Massachusetts Ave Suite 201, Boston, MA 02118, United States"
Bancroft Apts,"59 Fountain St, Framingham, MA 01702, United States"
Baptista (VUP),"Av. dos Combatentes 43 Piso 3, 1600-042 Lisboa, Portugal"
Barlett Square,"2565 Washington St, Boston, MA 02119, United States"
Barnes School 202,"24 Barnes Ave, Johnston, RI 02919, United States"
Bartlett Place Building E,"20 City Square, Charlestown, MA 02129, United States"
Bartlett Place/Building B,"2565 Washington St, Roxbury, MA 02119, United States"
Basilica (667-6),
Bates School/Artblock 731,
Bay Cove Group Homes I,"66 Canal St, Boston, MA 02114, United States"
Bay Cove Group Homes III,"66 Canal St, Boston, MA 02114, United States"
Bay Cove Group Homes IV,"66 Canal St, Boston, MA 02114, United States"
Bay Cove Hyde Park,"39 Glencliff Rd, Boston, MA 02131, United States"
BCN Properties,"30 Bower St, Boston, MA 02119, United States"
Beacon House,"19 Myrtle St #208, Boston, MA 02114, United States"
Beasley (VUP),"1439 W Shakespeare Ave #200, Chicago, IL 60614, United States"
Belgrade Place,"446 Belgrade Ave, West Roxbury, MA 02132, United States"
Bellflower (2-77),
"Berkeley Investments, Inc.","125 High St #531, Boston, MA 02110, United States"
Beryl Gardens,"184 Dudley St #102, Boston, MA 02119, United States"
BHA Infill 1A - Quincy Geneva,
BHA Infill 1B - Codman Square NDC,"587 Washington St, Dorchester Center, MA 02124, United States"
BHA Infill 2 - Urban Edge,
BHA Infill 3 - Nuestra,
BHP Codman Square,"587 Washington St, Boston, MA 02124, United States"
BHP Fields Corner,"1 Arcadia St, Dorchester, MA 02122, United States"
BHP Frawley-Delle,"706 Huntington Ave, Boston, MA 02115, United States"
BHP Hano Street,"Hano St, Boston, MA 02134, USA"
BHP Lena Park,"150 American Legion Hwy, Dorchester, MA 02124, United States"
BHP Quincy-Geneva,"200 Columbia Rd, Dorchester, MA 02121, United States"
BHP Washington Park,"675 Massachusetts Ave STE 11, Cambridge, MA 02139, United States"
BHP Westland Ave,"66 Westland Ave # 205, Boston, MA 02115, United States"
Bickford (2-25),"6 Normandy Heights Rd, Morristown, NJ 07960, United States"
Bird St. Estates,"330 Beale St, Quincy, MA 02170, United States"
Blackstone Apts,"33 Blossom St, Boston, MA 02114, United States"
Blake Estates I,"1344 Hyde Park Ave, Hyde Park, MA 02136, United States"
Blake Estates II,"1344 Hyde Park Ave, Hyde Park, MA 02136, United States"
Blandino Farms,"Contrada Trebalate, 15, 97015 Modica RG, Italy"
Blessed Sacrament Mixed-Use (Rental + SRO),"31 Germania Street, Building A, Jamaica Plain, MA 02130, United States"
Bloomfield Gardens,"Bloomfield St, Boston, MA 02124, USA"
Blue Hill Commons,"Blue Hill Commons Condominiums, 3000 Davenport Ave, Canton, MA 02021, USA"
Blue Mountain Assoc.,"376 Central Station Rd, Croydon, NH 03773, United States"
Border Falcon Condominiums,"10027 104 St NW, Edmonton, AB T5J 0A4, Canada"
Boston East,"126 Border St, Boston, MA 02128, United States"
Boston Kenmore Realty LLC,"474 Commonwealth Ave, Boston, MA 02215, United States"
Boston Landing,"Boston, MA 02135, United States"
Boston Rehab,"52 White St, Boston, MA 02128, United States"
Boston Trailer Park Tenants,"1515 VFW Pkwy, West Roxbury, MA 02132, United States"
Boston Wharf Tower,"280 Congress St, Boston, MA 02210, United States"
Boston's Hope in Dorchester,"71 Kingsdale St, Dorchester Center, MA 02124, United States"
Bowditch School Lodging House,"82 Green St, Boston, MA 02130, United States"
Bowdoin Geneva Phase III (HOME AGAIN),"200 Bowdoin St, Dorchester, MA 02122, United States"
Bowdoin Place,"Bowdoin St, Boston, MA, USA"
Bowdoin School,"45 Myrtle St, Boston, MA 02114, United States"
Bowdoin/Geneva - HOME AGAIN,
Bowdoin/Geneva (Phase II),"200 Bowdoin St, Dorchester, MA 02122, United States"
Bowdoin-Geneva & Dudley FTHB,"200 Bowdoin St, Dorchester, MA 02122, United States"
Bowdoin-Geneva & Dudley Rental,"200 Bowdoin St, Dorchester, MA 02122, United States"
Bowen (VUP),"1415 Fulton Rd, Santa Rosa, CA 95403, United States"
Boylston St Mixed Use,"501 Boylston St, Boston, MA 02116, United States"
Boylston West (Fenway Triangle Mixed Use),"180 Brookline Ave, Boston, MA 02215, United States"
Bradford Estates,"98 Bradford St, Albany, NY 12206, United States"
Bradlee-Fowler,"3 Tiger Dr, Maynard, MA 01754, United States"
Bradley Properties,"340 Shawmut Ave, Boston, MA 02118, United States"
Brandywyne Village,"88 Brandywyne Dr, East Boston, MA 02128, United States"
Brantley (VUP),"8879 N Main St, Brantley, AL 36009, United States"
Braxton (VUP),"27 W 7th St, Covington, KY 41011, United States"
Brewery Lofts,"251 Heath St, Jamaica Plain, MA 02130, United States"
BRIAN J HONAN APARTMENTS,"57 Everett St N, Allston, MA 02134, United States"
Brighton Gardens,"Chestnut Hill Driveway, Brighton, MA 02135, United States"
Brighton-Allston Apts,"57 Everett St N, Allston, MA 02134, United States"
Brighton-Allston Elderly,"20 Chestnut Hill Ave, Brighton, MA 02135, United States"
"Bromley Park (2-19, -75, -101)",
Brook Avenue Cooperative,"1220 SE Brook Ave, Minneapolis, MN 55414, United States"
"Brookford, Dalin and Dean St. Homes (Julian Phase 2 HOME AGAIN)",
Brookside Artists Housing,"10 Totman Dr, Woburn, MA 01801, United States"
Brookview House,"2 Brookview St #1, Dorchester Center, MA 02124, United States"
Brookview House II,"2 Brookview St #1, Dorchester Center, MA 02124, United States"
Brookview House III,"2 Brookview St #1, Dorchester Center, MA 02124, United States"
Brown (VUP),"401 N Coast Hwy Suite 105, Oceanside, CA 92054, United States"
"Brown, J & D (VUP)","301 E Atlantic Ave, Delray Beach, FL 33483, United States"
Brown-Kaplan Townhomes,"754 Blue Hill Avenue, Dorchester, MA 02121, United States"
Brownstone Apartments,"377 Commonwealth Ave, Boston, MA 02115, United States"
Brunswick Street,"Brunswick St, Boston, MA 02121, USA"
Brush Hill Commons,"Brush Hill Rd, Milton, MA, USA"
Buckminster Hotel,"645 Beacon St, Boston, MA 02215, United States"
Buildable Lots - Codman Square,"587 Washington St, Dorchester Center, MA 02124, United States"
Buildable Lots - Ferndale,"611 W Nine Mile Rd, Ferndale, MI 48220, United States"
Buildable Lots - Uphams,"500 Columbia Rd, Dorchester, MA 02125, United States"
Buildable Lots- 1&2,
Buildable Lots- 3&4,"11 Hancock St, Charlestown, MA 02129, United States"
Buildable Lots- 5,"126 Newbury St Floor 2, Boston, MA 02116, United States"
Buildable Lots- 6,"6 Whittier Pl, Boston, MA 02114, United States"
Building 104,"52 Oxford St, Cambridge, MA 02138, United States"
Builduing 33 at Navy Yard,"1250-1274 Patterson Ave SE, Washington, DC 20003, United States"
Burbank Gardens,"70 Burbank St, Boston, MA 02115, United States"
Burton Apts (18u),
Burton-Dudley,"4 Firs St, Dudley DY2 7DN, United Kingdom"
Call Carolina Homes,"2450 N Church St, Burlington, NC 27217, United States"
Callender|Floyd|Stratton NHI 1,
Callender|Floyd|Stratton NHI 2,
Callender|Floyd|Stratton NHI 3,
Callender|Floyd|Stratton NHI 4,
Callender|Floyd|Stratton NHI 5,
Callender|Floyd|Stratton NHI 6,
Callender|Floyd|Stratton NHI 7,
Callender|Floyd|Stratton NHI 8,
Callender|Floyd|Stratton NHI 9,
Callender|Tucker NHI 1,
Callender|Tucker NHI 2,
Callender|Tucker NHI 3,
Callender|Tucker NHI 4,
Camden Street (200-2),"200 Camden St, Boston, MA 02118, USA"
Camfield Gardens,"The Paulette K Ford Community Center 85 Lenox Street Paulette, Ford Way, Boston, MA 02118, United States"
Capen Green,"Medford, MA 02155, United States"
Cardella (VUP),
Cardinal Medeiros Manor,"11 Woodcliff St, Boston, MA 02125, United States"
Caritas Centre St,"289 Centre St, Dorchester, MA 02122, United States"
Caritas Centre St. II,"289 Centre St, Dorchester, MA 02122, United States"
Caritas SRO Refinance,"204 Springs Rd bldg 5, Bedford, MA 01730, United States"
Carlton House AKA: Forward Inc. rental,"35 N Chatsworth Ave, Larchmont, NY 10538, United States"
Carlton Wharf,"99-111 Summer St, Boston, MA 02128, United States"
Carol Ave. Limited Coop,"1775 I St NW, Washington, DC 20006, United States"
Carroll (VUP),"Cambridge, MA, United States"
Carvalho (VUP),"Av. Águia de Haia, 2344 - Jardim Cotinha, São Paulo - SP, 03694-000, Brazil"
Cary Cottage,
Casa Familias Unidas,"302 Eustis St, Boston, MA 02119, United States"
Casa Maria,"130 Endicott St, Boston, MA 02113, United States"
Casa Nueva Vida,"53 Glen Rd, Boston, MA 02130, United States"
Casas Borinquen,"Hatillo, 00659, Puerto Rico"
Cass House,"761 Broadway, Somerville, MA 02144, United States"
Castle Square,"484 Tremont St, Boston, MA 02116, United States"
Cathedral (2-6),
CATHERINE H GALLAGHER COOPERATIVE HOUSING,"209 Heath St, Jamaica Plain, MA 02130, United States"
Ceinture (20 W Fifth),
Central Boston Elder Services,"2315 Washington St, Boston, MA 02119, United States"
Centre/Lamartine,"329 Lamartine St, Boston, MA 02130, United States"
Ceylon Field Apts (orig p/o Parkchester 98u),"288 Columbia Rd, Boston, MA 02121, United States"
Chaisson (VUP),
Channel View Condominiums,"35 Channel Center St, Boston, MA 02210, United States"
Channel Wharf,"Boston, MA 02110, United States"
Chapman House,"61 Eutaw St, Boston, MA 02118, United States"
Charlame Park Homes 2A&B,"28 N Charlame Ct, Roxbury, MA 02119, United States"
Charlame Park Homes I,"28 N Charlame Ct, Roxbury, MA 02119, United States"
Charles Newtowne Cooperative,
Charles Street Gardens,"4 Charles St, Boston, MA 02116, United States"
Charlesbank Cooperative Corporation,"650 Huntington Ave, Boston, MA 02115, United States"
Charlestown (2-1),
Charlestown Elderly,"100 Ferrin St, Charlestown, MA 02129, United States"
Charlestown Navy Yard Row Houses,"1st Ave &, 3rd St, Boston, MA 02129, United States"
Charlesview Apartments,"123 Antwerp St, Allston, MA 02134, United States"
Chauncy House,"115 Chauncy St #1740, Boston, MA 02111, United States"
Cheriton Grove,"20 Cheriton Rd, West Roxbury, MA 02132, United States"
Chestnut Avenue (p/o Self Help Apts),"259 Independence Dr, Chestnut Hill, MA 02467, United States"
Chestnut Hill Gardens,"Chestnut Hill Ave, Massachusetts, USA"
Chestnut Hill Park,"Chestnut Hill Park, Stamford, CT 06903, USA"
Chestnut Hill Waterworks,"2450 Beacon St, Chestnut Hill, MA 02467, United States"
Cheverus School Apts,"10 Moore St, Boston, MA 02128, United States"
Chinagate Apartments,"66 Hudson St, Boston, MA 02111, United States"
Church St SRO,"31 Germania St, Jamaica Plain, MA 02130, United States"
City Square Elderly Housing,"42 Park St, Charlestown, MA 02129, United States"
Clarendon Square,"198 W Brookline St, Boston, MA 02118, United States"
Clarendon-Warren Condominium,"140 Clarendon St, Boston, MA 02116, United States"
Cleaves Court Apts,"1542 Columbus Ave, Roxbury, MA 02119, United States"
Cliffmont Condominium,"160 Commonwealth Ave, Boston, MA 02116, United States"
CNY - Harborview Point (Parcel 4),
Codman Commons,"Codman Commons, 360 Talbot Ave, Boston, MA 02124, USA"
Codman Square Apts (2-51),"587 Washington St, Boston, MA 02124, United States"
Collins (Margaret) Apts (2-26),
Columbia Road/Lighthouse,"Fort Washington Park, Hudson River Greenway, New York, NY 10032, United States"
Columbia West,"392 Columbia Rd #10, Dorchester, MA 02125, United States"
Columbia-Wood Apartments,"122 Columbia Gardens, Cohoes, NY 12047, United States"
Comaven Apartments,"1144-1160 Commonwealth Ave, Boston, MA 02134, United States"
Commerce Apartments,"120 Commerce Way, Woburn, MA 01801, United States"
"Commonwealth (2-82,-95,-96,-97)",
Commonwealth Housing,"35 Fidelis Way, Brighton, MA 02135, United States"
Concord Houses,"725 Tremont St, Boston, MA 02118, United States"
Concord St. Elder Housing,"68 Commonwealth Ave, Concord, MA 01742, United States"
Condor-Havre Garden Apartments,"72 Marginal St # 6, East Boston, MA 02128, United States"
Continuum (Barry's Corner),"219 Western Ave, Allston, MA 02134, United States"
Conway Court,"1 Conway St, Roslindale, MA 02131, United States"
Coppersmith Village Ownership,"99 Border St, Boston, MA 02128, United States"
Coppersmith Village Rental,"99 Border St, Boston, MA 02128, United States"
Cortes Street SRO,"Cortes St, Boston, MA 02116, USA"
Costello Homes,"163 Front St, Marion, MA 02738, United States"
Cote Village Townhomes,"820 Cummins Hwy, Mattapan, MA 02126, United States"
Cottage Brook Apartments,"622 Dudley St, Boston, MA 02125, United States"
Council of Elders,"90 Longwood Ave, Brookline, MA 02446, United States"
Court St SRO,"Court St, Boston, MA, USA"
Courtyard at Cedar Grove,"Fellsway St &, Milton St, Dorchester, MA 02124, United States"
Covenant House 202,"30 Washington St, Boston, MA 02135, United States"
Cox Building,"100 Blossom St, Boston, MA 02114, United States"
Crawford House Apts,"430 Crawford St, Portsmouth, VA 23704, United States"
Creighton Commons Condominiums,"11 Creighton St, Boston, MA 02130, United States"
Crittenton Hastings House,"Perthshire Rd, Boston, MA 02135, United States"
Cummins Towers,"855 American Legion Hwy, Roslindale, MA 02131, United States"
D4 Police Station,"650 Harrison Ave, Boston, MA 02118, United States"
Dacia Residence at Beauford Green,"AL, Palasë 9425, Albania"
Danube Apartments,"Boston, MA 02124, United States"
DaRosa (VUP),"Via Fiume, 19, 22070 Capiago Intimiano CO, Italy"
Dartmouth Hotel,"737 State Rd North, Dartmouth, MA 02747, United States"
DARTMOUTH TCB,"185 Dartmouth St 9th floor, Boston, MA 02116, United States"
Davenport Commons,"Davenport Commons B, 696 Columbus Ave, Boston, MA 02118, United States"
Davis (VUP),"165 Rock Major Rd, Fairfield, CT 06824, United States"
Davison (2-34),"2 Davison St, Boston, MA 02136, USA"
DeMarco (VUP),
Derne Street Lodging Home,"39 Bowdoin St, Boston, MA 02114, United States"
Dexter Building,"25 S Munroe Terrace #2, Dorchester, MA 02122, United States"
DiGirolamo (VUP),
Dillon (VUP),
Dimock-Bragdon Apartments,"1542 Columbus Ave, Boston, MA 02119, United States"
Dirigo Spice Building,
Disilvio (VUP),
Distillery Project Phase I,"512 E 2nd St, Boston, MA 02127, United States"
Ditson St Senior Housing,"25 Ditson St, Dorchester, MA 02122, United States"
DNA Lofts,"944 Dorchester Ave, Boston, MA 02125, United States"
Domicilia I & II,"9G9V+87V, Kyotera District South, Kyotera, Uganda"
Domicilia III,"R. do Bonjardim 128, 4000-114 Porto, Portugal"
Dorchester House,"1353 Dorchester Ave, Dorchester, MA 02122, United States"
Douglas Park,"Douglass Park, Boston, MA 02118, USA"
Dover Lofts,"135 E Berkeley St, Boston, MA 02118, United States"
Drayton Homes,"808 Daphne Ave, Daphne, AL 36526, United States"
Dudley Greenville,"225 Dudley St, Roxbury, MA 02119, United States"
Dudley Street Apts,"225 Dudley St, Roxbury, MA 02119, United States"
Dudley Terrace,"Dudley Terrace, Boston, MA 02125, USA"
Dudley Village Phase I (North),"18 Village Way, Webster, MA 01570, United States"
Dudley Village Phase II (South),"Castlegate Dr, Dudley DY1 4TB, United Kingdom"
Dumas|Mascot Neighborhood Homes,"60 Linnaean St, Cambridge, MA 02138, United States"
Dunmore Place,"Dunmore St, Boston, MA 02119, USA"
Dwight St Apts,"530 Warren St, Boston, MA 02121, United States"
Eagle Hill Rehab,"52 White St, Boston, MA 02128, United States"
East Berkeley Street,"E Berkeley St, Boston, MA, USA"
East Canton St Apts,"109 E Canton St, Boston, MA 02118, United States"
East Springfield/Northampton Streets,"Northampton Ave, Springfield, MA 01109, USA"
Ebenezer Homes,"46 Main St, Pepperell, MA 01463, United States"
"Echelon (Seaport Square Block M) Towers 1, 2, and 3",
Edison Green,"Edison Green, Boston, MA 02125, USA"
Edson|Peacevale NHI,"Edson St, Boston, MA 02124, USA"
Edson|Peacevale NHI (30 Milton),"30 Milton Ave, Dorchester Center, MA 02124, USA"
Edward Everett Square,"256 Boston St, Dorchester, MA 02125, United States"
Egleston Crossing,"2010 Columbus Ave, Roxbury, MA 02119, United States"
Eleven West (Lechmore Point),"Cambridge, MA 02141, United States"
Elizabeth Stone House - Washington Westminster,"3012 Washington St, Roxbury, MA 02119, United States"
Elm Hill/Seaver St Conversion,"Boston, MA 02121, United States"
Elven Road,"Elven Rd, Boston, MA 02131, USA"
Emerson Place - Charles River Park,"1 Emerson Pl Apt 8N, Boston, MA 02114, United States"
Epps (VUP),"701 Farrs Bridge Rd, Greenville, SC 29611, United States"
Erie-Ellington Homes,"31 Erie St, Boston, MA 02121, United States"
Esperanza Walnut,"295 Washington St, Haverhill, MA 01832, United States"
ETC Associates,"630 Tremont St, Boston, MA 02118, United States"
Eutaw/Meridian,"Boston, MA 02128, United States"
Eva White (2-41),
Factory 63,"63 Melcher St, Boston, MA 02210, United States"
Fairfield Properties,"219 Newbury St, Boston, MA 02116, United States"
Fairmount/Garfield (200-5),
Fan Pier Parcel C,"Boston, MA 02210, United States"
Fan Pier Parcel D,"Boston, MA 02210, United States"
Faneuil/ N. Beacon (200-4),"200 N Beacon St, Watertown, MA 02472, USA"
Farnsworth House,"90 South St, Jamaica Plain, MA 02130, United States"
Father Walter J Martin Cooperative Homes,
FDIC Scattered Site Condo Project,"104 Revere St, Canton, MA 02021, United States"
Fensgate Coop,"15 Blue Ledge Dr, Roslindale, MA 02131, United States"
Fenway Center Phase 1/Buildings 1 & 2,"Fenway Center, 77 St Stephen St, Boston, MA 02115, USA"
Fenway Condominiums,"108 Peterborough St, Boston, MA 02215, United States"
Fenway Condos,"108 Peterborough St, Boston, MA 02215, United States"
Fenwick Gardens - Home Again,"40118 W South Carolina Ave, Fenwick Island, DE 19944, United States"
Fernald State School (689-?),"77 Massachusetts Ave, Cambridge, MA 02139, United States"
Fieldstone Apartments,"907 Blue Hill Avenue # 13, Dorchester Center, MA 02124, United States"
First & First (Phase I & II),"1000 First St SE, Washington, DC 20003, United States"
Florence Apartments,"132 Fawndale Rd, Roslindale, MA 02131, United States"
Foley (William J) Apts (2-30),"134 Rumford Ave #208, Auburndale, MA 02466, United States"
Forbes Building,"545 Centre St, Jamaica Plain, MA 02130, United States"
Forbes Street Residences,"545 Centre St, Jamaica Plain, MA 02130, United States"
Ford (VUP),"3195 Hempstead Tpke, Levittown, NY 11756, United States"
Forecaster Building,"121 Portland St, Boston, MA 02114, United States"
Forest Glenn Coop,"1431 Friar Tuck Ln, Spring Hill, FL 34607, United States"
Forest Hills Apts,"95 Hyde Park Ave, Boston, MA 02130, United States"
Forest Hills Cooperative,"199 Forest Hills St, Boston, MA 02130, United States"
Forest|Vine NHI 1,
Forest|Vine NHI 2,
Fort Hill Gardens,"Fort Ave, Boston, MA 02119, USA"
Fort Point Place,"Fort Point, Boston, MA, USA"
Foster (VUP),"491 Maple St #204, Danvers, MA 01923, United States"
Fountain Hill,"Fountain Hill, PA 18015, USA"
Four Corners/Washington,"Four Corners, WA 98370, USA"
Fox Hall,"Fox Hall, 100 Pawtucket St, Lowell, MA 01854, USA"
"Franklin Field Family (2-89A,90-93)",
Franklin Field South/Highland Pk Estates,"Franklin Field South, Boston, MA, USA"
Franklin Fld South II - HOME AGAIN,"91 Ames St, Dorchester, MA 02124, United States"
Franklin Hill (2-9),"2 Franklin St, Boston, MA 02110, USA"
Franklin Park Apts,"132 Seaver St #1527, Boston, MA 02121, United States"
Franklin Park I,"1 Franklin Park Rd, Boston, MA 02121, United States"
Franklin Park II,"1 Franklin Park Rd, Boston, MA 02121, United States"
Franklin Square House,"1575 Tremont St, Boston, MA 02120, United States"
Frederick Douglass (2-44A),"215 W 114th St, New York, NY 10026, United States"
Friend's House,"6-8 Chestnut St, Boston, MA 02108, United States"
Fulton Court Condominium,"100 Fulton St #1m, Boston, MA 02109, United States"
Gallivan Boulevard (200-10),"200 Gallivan Blvd, Boston, MA 02124, USA"
Gardner Crawford Thane,"270 Roxbury St, Roxbury, MA 02119, United States"
Gardner Flats Condominium,"9 Gardner St, Allston, MA 02134, United States"
"GARDNER, CRAWFORD, THANE","270 Roxbury St, Roxbury, MA 02119, United States"
Garrison Trotter Phase I - HOME AGAIN,"225-227 Harold St, Dorchester, MA 02121, United States"
Gatehouse 75,"75 W School St, Charlestown, MA 02129, United States"
Gatehouse Units,"75 W School St, Charlestown, MA 02129, United States"
Gateway Terrace - Dover Residences,"40 Fay St H-601, Boston, MA 02118, United States"
General Heath Square,"61 Heath St, Jamaica Plain, MA 02130, United States"
General Warren Apts (2-47),"47 N Washington St #26, Charlestown, MA 02129, United States"
Geneva Apartments,"231 Geneva Ave, Boston, MA 02121, United States"
Geneva Ave 202 - Pine Street,"202 Geneva Ave, Boston, MA 02121, USA"
Geneva Avenue Elderly Housing,"22 Beechwood St, Dorchester, MA 02121, United States"
Georgetowne Housing I,"400 Georgetowne Dr, Hyde Park, MA 02136, United States"
Georgetowne Housing II,"400 Georgetowne Dr, Hyde Park, MA 02136, United States"
Gleason Street MIHI Package 2,"Gleason St, Boston, MA 02121, USA"
Glenville Apartments,"451 Rudy Chase Dr, Glenville, NY 12302, United States"
Glenway|Roxton NHI,"115 Mill St, Belmont, MA 02478, United States"
Goddard House,"165 Chestnut St, Brookline, MA 02445, United States"
Gomes (VUP),"Av. Carlos Gomes, 1395 - Auxiliadora, Porto Alegre - RS, 90480-001, Brazil"
Goodale Rd. - HOME AGAIN,"777 Goodale Blvd, Columbus, OH 43212, United States"
Gordon's Wood,"Country Lands, Richmond, RI 02898, United States"
Governor Apartments,"125 Governor St #106, Providence, RI 02906, United States"
Grand families,"6525 Fish Hatchery Rd, Thurmont, MD 21788, United States"
Granite 1B:VBC Apts.-Blue Hill,
Granite 3-Blue Hill,"754 Blue Hill Avenue, Dorchester, MA 02121, United States"
Granite 4B,"2076 Revere Beach Pkwy, Everett, MA 02149, United States"
Granite-Dorchester Bay,"935 E 4th St, South Boston, MA 02127, United States"
Granite-Fields Corner,"Fields Corner, Boston, MA 02122, USA"
Granite-La Concha/Nuestra,"1077 Ashford Ave, San Juan, 00907, Puerto Rico"
Granite-Lena Park,"754 Blue Hill Avenue, Dorchester, MA 02121, United States"
Granite-Quincy-Geneva,"200 Columbia Rd, Dorchester, MA 02121, United States"
Granite-Walnut Washington,"3230 Washington St, Boston, MA 02130, United States"
Granite-Washington Columbia I,"173 Columbia Rd #173, Dorchester, MA 02121, United States"
Grant Manor Apartments,"1810 Washington St, Boston, MA 02118, United States"
Green (VUP),"197 New Norwalk Rd, New Canaan, CT 06840, United States"
Green (VUP) CDFI,"333 Smith St, Providence, RI 02908, United States"
Greenway Apartments,"172 Maverick St, Boston, MA 02128, United States"
Grove Hall Apts,"12 Castlegate Rd # 9, Dorchester, MA 02121, United States"
Grubow (VUP),
Guaetta (VUP),"15 Rue de la Paix, 75002 Paris, France"
Habitat Arrowhead Site (REMS Land),"205 E Dewey Ave, Sapulpa, OK 74066, United States"
Habitat Balina Pl,"434 Massachusetts Ave Suite 201, Boston, MA 02118, United States"
Habitat Bradeen St,"1580 VFW Pkwy, West Roxbury, MA 02132, United States"
Habitat Fairland St,"434 Massachusetts Ave Suite 201, Boston, MA 02118, United States"
Habitat Regent Street,"121 Regent St., London W1B 4HS, United Kingdom"
Habitat Woodbine St,"434 Massachusetts Ave Suite 201, Boston, MA 02118, United States"
Habitat-Woodville Street,"387 Marpan Ln, Tallahassee, FL 32305, United States"
Hale House,"273 Clarendon St, Boston, MA 02116, United States"
Haley House,"23 Dartmouth St, Boston, MA 02116, United States"
Hamilton St Studios/Pine Street,"308 E Mantua Ave, Wenonah, NJ 08090, United States"
Hammond Street,"Hammond St, Boston, MA 02120, USA"
Hampton House (2-44B),
Hano Homes II,"60 Hano St, Boston, MA 02134, United States"
Haraska (VUP),
Harbor Point,"24 Oyster Bay Rd, Boston, MA 02125, United States"
Harborview Condominiums,"10 Orleans St, East Boston, MA 02128, United States"
Hargrove (VUP),"1 Hargrove Dr, Lanham, MD 20706, United States"
Harrison Commons,"Harrison Ave, Boston, MA, USA"
Harrison-Albany Block Building A,"300 Harrison Ave, Boston, MA 02118, United States"
Hartford Manor,"Stones Manor Ln, Hartford, Northwich CW8 1NU, United Kingdom"
Hartwell Terrace,"Hartwell St, Boston, MA 02121, USA"
Harvard Commons Coop,"1400 Massachusetts Ave, Cambridge, MA 02138, United States"
Hassan Apts (2-62),"705 River St, Boston, MA 02136, United States"
Hazel Parks,"3 Hazel St, Waltham, MA 02451, United States"
Hearth at 4-Corners,"16 Ronald St, Boston, MA 02121, United States"
Hearth at Olmsted Green,"Hummingbird Ln, Boston, MA 02126, United States"
Hemenway Apartments,"768 Huntington Ave, Boston, MA 02115, United States"
Heritage Apts (2-52),"209 Sumner St, Boston, MA 02128, United States"
Heritage at Cleveland Circle,"300 Boylston St, Boston, MA 02116, United States"
Hiawatha|Mattapan Neighborhood Homes,"221 River St # 201, Mattapan, MA 02126, United States"
Highland Homes at Fort Hill - Home Again,"58 Beech Glen St, Boston, MA 02119, United States"
Highland House,"41 Highland Ave, Randolph, MA 02368, United States"
Highland Park (2-89B),
Highland Park Estates - Home Again,"4051 Centennial Dr, Bloomington, IN 47404, United States"
Highland Park II (Affordable),"242 S 6th Ave # 1, Highland Park, NJ 08904, United States"
Hillside Homes at Franklin Park,"2 Skyview Dr, Franklin, NJ 07416, United States"
Historic South End Apartments,"792 Tremont St #1051, Boston, MA 02118, United States"
Hoffman (VUP) CDFI,"1 Bow St #400, Cambridge, MA 02138, United States"
Holgate Apartments (2-29),
Holmes (VUP),"10909 OH-39, Millersburg, OH 44654, United States"
Home Again (Back of the Hill),"3 Elm Hill Rd, Peterborough, NH 03458, United States"
Home For Little Wanderers,"69 Alleghany St, Roxbury, MA 02120, United States"
Homes at Peter's Park,"230 Shawmut Ave, Boston, MA 02118, United States"
Homestead House,"34 Butler Rd, Quincy, MA 02169, United States"
Hope House (SPO) (Production),"350 Washington St, North Easton, MA 02356, United States"
Hope House II,"8 Farnham St, Boston, MA 02119, United States"
Hopkins-Capen-Mountain-Fuller,"Capen St, Boston, MA 02124, USA"
Horizons I,"401 Park Dr 4th Floor, Boston, MA 02215, United States"
Howard Dacia Homes,"56 Warren St, Boston, MA 02119, United States"
Howard/Woodward/Dean,"1662 West Rugby Avenue College Park, Atlanta, GA 30337, United States"
Hub 25,"25 Morrissey Blvd, Boston, MA 02125, United States"
Humboldt Avenue Apts,"278 Humboldt Ave, Dorchester, MA 02121, United States"
Humphreys St Housing Homeownership,"160 Federal St # 2, Boston, MA 02110, United States"
Humphreys St Housing Rental,"72 Humphrey St, Swampscott, MA 01907, United States"
Humphreys Street Homeowner,"195 Kempton St, New Bedford, MA 02740, United States"
Hunt (VUP),"327 Gum Tree Rd, Coatesville, PA 19320, United States"
Huntington House,"VA Medical Center, 150 S Huntington Ave, Boston, MA 02130, United States"
Hurley (VUP),"85 Terrace Ln, Springfield, MA 01118, United States"
Hyde Square Commons,"390-401 Centre St, Jamaica Plain, MA 02130, United States"
Hyde Square Coop,"1172 River St, Hyde Park, MA 02136, United States"
Hyde/Jackson Homes,
Hyde-Blakemore,"30 Leinster Gardens, London W2 3AN, United Kingdom"
IBA SRO Collaborative,"405 Shawmut Ave, Boston, MA 02118, United States"
Independent Living Project,"60 Temple Pl, Boston, MA 02111, United States"
Indigo Block (Rental),"67 E Cottage St, Boston, MA 02125, United States"
Infill Apartments,"1033 Beacon St, Brookline, MA 02446, United States"
Infill Colaborative,
Infill I,"73 Westland St, Hartford, CT 06120, United States"
Infill I (MHFA) ?,"Summit Cl, Kirkby in Ashfield, Nottingham NG17 8GJ, United Kingdom"
Ingram (VUP),"30 W Prospect Ave, Pittsburgh, PA 15205, United States"
Ink Block (Buildings 1-3),"300 Harrison Ave, Boston, MA 02118, United States"
Ink Block Sepia (Building 4),"300 Harrison Ave, Boston, MA 02118, United States"
Ink Block Siena (Building 5),"40 Traveler St, Boston, MA 02118, United States"
Interfaith Apartments,"282 Columbus Ave, Boston, MA 02116, United States"
Intervale St. HOME AGAIN,"127 Pleasant St, Dorchester, MA 02125, United States"
Intervale-Fayston,"180 Intervale Rd, Burlington, VT 05401, United States"
Intervale-Magnolia,"Intervale St & Magnolia St, Boston, MA 02121, USA"
J.J. Carroll Apts (2-37),
J.J. Meade (2-38),
Jackson (VUP),"9300 Harris Corners Pkwy, Charlotte, NC 28269, United States"
Jackson Commons,"1542 Columbus Ave, Boston, MA 02119, United States"
Jacob's Place,"120 St James Ave #5, Boston, MA 02116, United States"
Jamaica Plain Apartments,"161 S Huntington Ave, Jamaica Plain, MA 02130, United States"
Jamaica Plains Coop Serv,"131 Morton St, Jamaica Plain, MA 02130, United States"
Jewish Community Housing for the Elderly,"30 Wallingford Rd, Brighton, MA 02135, United States"
John Boyle O'Reilly School,"John Boyle O'Reilly School Management, 345 Dorchester St, South Boston, MA 02127, USA"
Johnson (VUP) CDFI,
JP Cohousing,"175 Richdale Ave, Cambridge, MA 02140, United States"
Julia Martin House,"90 Bickford St, Boston, MA 02130, United States"
Julian Phase I - HOME AGAIN,"380 W Broadway Suite 101, South Boston, MA 02127, United States"
KAFANM - Circle of Haitian Women (aka Women's Institute),"330 Fuller St, Dorchester Center, MA 02124, United States"
Kasanof Bakery (Rental & Ownership),"56 Warren St, Boston, MA 02119, United States"
Keazer (VUP),"1740 Massachusetts Ave, Cambridge, MA 02139, United States"
Kelley (VUP),"1275 E 10th St, Bloomington, IN 47405, United States"
Kenmore Abbey,"490 Commonwealth Ave, Boston, MA 02215, United States"
Ketchen (VUP),"671 Centre St, Jamaica Plain, MA 02130, United States"
Keystone Apartments,"151 Hallet St, Boston, MA 02124, United States"
Kimbrough (VUP),"1613 Judson Rd, Longview, TX 75601, United States"
Kittredge Square,"Kittredge St, Boston, MA 02131, USA"
Laboure,"303 Adams St, Milton, MA 02186, United States"
Laconia Condominiums,"1200 Washington St, Boston, MA 02118, United States"
Lafayette Lofts,"170 Lafayette St, Jersey City, NJ 07304, United States"
Lamartine Homes - Home Again,"189 Homans Ave, Closter, NJ 07624, United States"
Lancaster House Condominium,"Caspian Way, Leominster, MA 01453, United States"
Landfall Apartments,"401 Border St, Boston, MA 02128, United States"
Landfall West Apts,"401 Border St, Boston, MA 02128, United States"
Langham Court,"26 Worcester St, Boston, MA 02118, United States"
Laramie (VUP),"115 E Ivinson Ave, Laramie, WY 82070, United States"
Larchmont Residence,"727 2nd St, Hermosa Beach, CA 90254, United States"
Larkin (VUP),"1475 Larkin Ave, Elgin, IL 60123, United States"
Latin Academy Adaptive Re-use,"205 Townsend St, Boston, MA 02121, United States"
Lawrence (VUP),"90 Winthrop Ave #98, Lawrence, MA 01843, United States"
Lawrence Court,"2 Appleton St, Lawrence, MA 01840, United States"
LBB Housing,"754 Blue Hill Avenue, Dorchester, MA 02121, United States"
Leila Doe House,"690 W Dekalb Pike #1069, King of Prussia, PA 19406, United States"
Lenox Street (2-4),"2 Lenox St, Boston, MA 02118, USA"
Levedo Building,"R. Dr. Hugo Moreira 60, 9500-792 Ponta Delgada, Portugal"
Leventhal House,"28 Wallingford Rd, Brighton, MA 02135, United States"
Lewis Mall,"5 Lewis Mall, Boston, MA 02128, USA"
Lithgow Apts,"176 Main St, Lithgow NSW 2790, Australia"
Little Chestnut Street Condominium,"1920 Chestnut St, Philadelphia, PA 19103, United States"
Lofts at Westinghouse Plaza,"1 Westinghouse Plaza Building C, Hyde Park, MA 02136, United States"
LOGO Apts (73u),"132 Fawndale Rd, Roslindale, MA 02131, United States"
Long Glen Apartments,"1285 Commonwealth Ave, Allston, MA 02134, United States"
Long Glen Rental II (formerly homeownership),"1285 Commonwealth Ave, Allston, MA 02134, United States"
Longfellow School,"158 Spring St, Cambridge, MA 02141, United States"
Longwood Row,"1 Sewall St, Boston, MA 02120, United States"
Lorenzo Pitts Portfolio (JPNCD 2018),"270 Roxbury St, Roxbury, MA 02119, United States"
Lowell Square,"Cross Point, 900 Chelmsford St, Lowell, MA 01851, United States"
Lower Mills (2-57),"2200 Dorchester Ave, Boston, MA 02124, United States"
Lower Roxbury Tenant Corp,"11 New Whitney St, Boston, MA 02115, United States"
Lucerne Gardens,"65 Winston Rd, Boston, MA 02124, United States"
Lucky Strike Residential Project,"145 Ipswich St, Boston, MA 02215, United States"
Luis (VUP),"1851 Westchester Ave, The Bronx, NY 10472, United States"
Lumen,"30 Polk St, Boston, MA 02129, United States"
Lyman School Apts for the Elderly,"1550 Beacon St, Brookline, MA 02446, United States"
M Walsh (VUP),"155 E 56th St #2, New York, NY 10022, United States"
M.E. McCormack (2-23),
M.L. King Apartments (2-40),"800 S 13th St, Philadelphia, PA 19147, United States"
M.R. Smith (VUP),
Madison Melnea Cass Apts,"600 Melnea Cass Blvd, Boston, MA 02119, United States"
Madison Parcel 10 Bldg C (Belvidere/Dalton East Offsite),
Madison Park III,"122 Dewitt Dr, Boston, MA 02120, United States"
Madison Park IV,"122 Dewitt Dr, Boston, MA 02120, United States"
Main Street Townhouses,"165 Main St, Cambridge, MA 02142, United States"
MainStay House,"29 Crafts St #260, Newton, MA 02458, United States"
Malone Apts (2-89C),
Mandela Homes,"1855 Washington St, Boston, MA 02118, United States"
Manganello (VUP),
Maple Commons,"15 Maple St, Boston, MA 02121, United States"
Marcus Garvey Gardens,"Managers Office, 44 John Eliot Sq, Boston, MA 02119, United States"
Marksdale Gardens I&II,"95 Humboldt Ave # A, Dorchester, MA 02121, United States"
Marriro (VUP) CDFI,"Centre Square, 1500 Market St #3500, Philadelphia, PA 19102, United States"
Martinex-Alamo (VUP),"424 Sioux Rd, Alamo, TX 78516, United States"
Mary Colbert Apartments,"20 Devens St, Charlestown, MA 02129, United States"
Mason Place,"Mason St, Boston, MA 02111, United States"
Mass Pike Towers,"336B Tremont St, Boston, MA 02116, United States"
Mattapan Apartments,"229A River St, Mattapan, MA 02126, United States"
Mattapan Center for Life,"555 River St, Mattapan, MA 02126, United States"
Mattapan Heights I AKA: The Foley,"229A River St, Mattapan, MA 02126, United States"
Mattapan Heights II,"229A River St, Mattapan, MA 02126, United States"
Mattapan Heights III & IV,"229A River St, Mattapan, MA 02126, United States"
MAVERICK GARDENS I,"Maverick St, Boston, MA 02128, USA"
Maverick Landing (2-8),"31 Liverpool St, East Boston, MA 02128, United States"
McCrohon House - HEARTH (SPO),
Mei Wah Village,"10 Maple Pl, Boston, MA 02111, United States"
Mendes (VUP),"R. Ouro Branco - Vila Valqueire, Rio de Janeiro - RJ, 21321-540, Brazil"
Meranda (VUP),
Mercantile Building,"111 Atlantic Ave, Boston, MA 02110, United States"
Meridian House,"408 Meridian St, East Boston, MA 02128, United States"
Meridian St,"Meridian St, Boston, MA 02128, USA"
Methunion Manor Coop,"405 Columbus Ave #101, Boston, MA 02116, United States"
Mezzo Design Lofts,"30 Caldwell St, Charlestown, MA 02129, United States"
MHPI Community Apartments,"706 Huntington Ave, Boston, MA 02115, United States"
MHPI II,"21800 Watson Rd, Leesburg, VA 20175, United States"
MHPI III,
MHPI IV-A,"Boston, MA 02130, United States"
MHPI IV-B,
MHPI IV-C,"1 Country View Rd Suite 100, Malvern, PA 19355, United States"
MHPI V,"160 Federal St # 2, Boston, MA 02110, United States"
MHPI VI,
Midway Phase I,"171 Deep Roots Drive, Buda, TX 78610, United States"
Midway Studios,"15 Channel Center St, Boston, MA 02210, United States"
Miller (VUP),"1524 Belle Plane Cir, Green Bay, WI 54313, United States"
Ming's Restaurant,"19 Pleasant St, Malden, MA 02148, United States"
Minot Hall Condominium,"299 Shell Rd, Carneys Point, NJ 08069, United States"
Mishawum Assisted Living,"1 Cedar St, Woburn, MA 01801, United States"
Mishawum Park,"338 Main St, Boston, MA 02129, United States"
Mission Hill Flats,"1457 Tremont St, Boston, MA 02120, United States"
Mission Hill Phase I - HOME AGAIN,"1620 Tremont St #2nd, Boston, MA 02120, United States"
Mission Hill Phase II,"1620 Tremont St #2nd, Boston, MA 02120, United States"
Mission Hill Scattered Sites,"1620 Tremont St #2nd, Boston, MA 02120, United States"
Mission Hill-Phase III - Home Again,"1620 Tremont St #2nd, Boston, MA 02120, United States"
Mission Main Phase I,"43 Smith St, Boston, MA 02120, United States"
Mission Main Phase II,"43 Smith St, Boston, MA 02120, United States"
Mission Main Phase III,"43 Smith St, Boston, MA 02120, United States"
Mission Park,"Mission Park Dr, Boston, MA 02115, USA"
MLK/Washington Commons,"285 M.L.K. Jr Blvd, Boston, MA 02119, United States"
Monsignor Lyons Condo II,"W Lyon Farm Dr, Greenwich, CT 06831, United States"
Monsignor Lyons II- HOME AGAIN,"151 Knollcroft Rd, Lyons, NJ 07939, United States"
Monsignor Lyons Townhouses,"D St, Boston, MA 02127, United States"
Montebello Rd Coop,"195 Bowdoin St, Dorchester, MA 02124, United States"
Moore (VUP),"1560 Periwinkle Way, Sanibel, FL 33957, United States"
Moreland St Apts,"42 Regent St, Roxbury, MA 02119, United States"
Morton Apts,"65 Morton Village Dr, Boston, MA 02126, United States"
Morton Village Apts (AOP),"65 Morton Village Dr, Boston, MA 02126, United States"
Morville House,"100 Norway St, Boston, MA 02115, United States"
Mount Vernon St Housing Project (Phase 1),"401 Mt Vernon St, Boston, MA 02125, United States"
Mr. Lee's Lodge,"18 McGinnis Ln, Lake George, NY 12845, United States"
Msgr. Powers/L St. (667-3),
Mt Pleasant Apts,"70 Perkins St, Somerville, MA 02145, United States"
Mt Pleasant Home Inc.,"301 S Huntington Ave, Jamaica Plain, MA 02130, United States"
Mt. Bowdoin/Erie Ellington - HOME AGAIN,"31 Erie St, Boston, MA 02121, United States"
Munevar (VUP),"45 Prospect St, Cambridge, MA 02139, United States"
Mystic Studios,"293 Lenox St, Norwood, MA 02062, United States"
Nashua St Residences at the Fleet Center,"1 Nashua St, Boston, MA 02114, United States"
Nate Smith House,"155 Lamartine St, Jamaica Plain, MA 02130, United States"
Nazing Court,"232 Seaver St, Boston, MA 02121, United States"
NEBH Redevelopment,"125 Parker Hill Ave, Boston, MA 02120, United States"
NEMA Boston,"399 Congress St, Boston, MA 02210, United States"
Neponset Fields - Elderly Housing (202),"29 Neponset Field Ln, Hyde Park, MA 02136, United States"
New England Heritage Homes 1,"142 Middle St, Lowell, MA 01852, United States"
New England Heritage Homes 2,"142 Middle St, Lowell, MA 01852, United States"
New England Heritage Homes 3,"142 Middle St, Lowell, MA 01852, United States"
New England Heritage Homes 4,"142 Middle St, Lowell, MA 01852, United States"
New England Heritage Homes 5,"142 Middle St, Lowell, MA 01852, United States"
New England Heritage Homes 6,"142 Middle St, Lowell, MA 01852, United States"
New England Heritage Homes 7,"142 Middle St, Lowell, MA 01852, United States"
New Port Antonio Apts,"530 Warren St, Boston, MA 02121, United States"
Newcastle/Saranac,"380 Northampton St, Boston, MA 02118, United States"
Nor-al,"339 Talbot Ave, Boston, MA 02124, United States"
Norfield,"422 Otterson Dr, Chico, CA 95928, United States"
Norflett (VUP),"103 Central Rd, Fredericksburg, VA 22401, United States"
Norfolk Street Transitional,"136 Bishop Allen Dr, Cambridge, MA 02139, United States"
North Suffolk Group Home,"269 Washington Ave, Chelsea, MA 02150, United States"
North Suffolk Group Home 2,"269 Washington Ave, Chelsea, MA 02150, United States"
Northampton Street,"Northampton St, Boston, MA, USA"
Northampton Tower,"35 Northampton St, Boston, MA 02118, United States"
Northampton/Mass. Ave,"Northampton, MA 01060, United States"
Norway Housing,"30 Hemenway St, Boston, MA 02115, United States"
Norwell Whitfield (HOME AGAIN),
Nu Life Development,"295 Woodbine St, Brooklyn, NY 11237, United States"
OAK ROW,"1235 VFW Pkwy, West Roxbury, MA 02132, United States"
Oak Terrace,"888 Washington St, Boston, MA 02111, United States"
O'Connor Way [Pier 4/Phase III Offsite Affordables],"O'Connor Way, Boston, MA 02127, USA"
Off Centre Lofts,"477 Harrison Ave, Boston, MA 02118, United States"
Old Colony (2-24),
Old Colony Square,"132 Chief Justice Cushing Hwy, Cohasset, MA 02025, United States"
Oliveira (VUP),"R. Fortaleza - Aloísio, Conceição da Barra - ES, 29967-000, Brazil"
Olmstead Green Phase 2,"Hummingbird Ln, Boston, MA 02126, United States"
Olmstead Green Phase I Rental,"Hummingbird Ln, Boston, MA 02126, United States"
Olmsted Green - Mixed Income Rental,"Hummingbird Ln, Boston, MA 02126, United States"
Olmsted Green Phase 4,"Hummingbird Ln, Boston, MA 02126, United States"
Olmsted Green Rental Housing Phase 3,"Hummingbird Ln, Boston, MA 02126, United States"
Olmsted Place,"Olmsted Rd, Brookline, MA 02445, USA"
On Luck Housing,"11 Dodge St Ct Unit A, Salem, MA 01970, United States"
One Canal,"1 Canal St, Boston, MA 02114, United States"
One Garden Condominium,"300 Boylston St, Boston, MA 02116, United States"
One Greenway (Parcel 24 North/Affordable),
One Lenox (SPO),"1113 1st Ave., New York, NY 10065, United States"
One Lincoln Plaza,"20 W 64th St, New York, NY 10023, United States"
One Newcomb Place,"1 Newcomb St, Boston, MA 02118, United States"
Orchard Gardens,"906 Albany St, Boston, MA 02119, United States"
Orchard Park (Off-Site Phase I),"906 Albany St, Boston, MA 02119, United States"
Orient Heights (200-8),
Otis Field Estates,"Otisfield, ME 04270, USA"
Owens (VUP),"3400 Civic Center Boulevard East Pavilion, 2nd Floor, Philadelphia, PA 19104, United States"
Oxford Ping On,"14-14A Oxford St, Boston, MA 02111, United States"
Oxford Place,"Oxford Pl, Boston, MA 02111, USA"
Packard Crossing Phase I,"79-83 Gardner St, Boston, MA 02134, United States"
Parcel 24/South Homeownership,
Parcel 25 (Phase 1A),"Boston, MA 02120, United States"
Parcel 39A,"39-37 Myrtle St, Cranford, NJ 07016, United States"
Parcel P-2,"Boston, MA 02120, United States"
Parcel R-8,
Parcel U (Phase A & C),"C-17 Main Korangi, Industrial Road،, D.H.A Phase II Extension Phase 2 Commercial Area Defence Housing Authority, Karachi, Karachi City, Sindh 75500, Pakistan"
Parcel U (Phase B),
Paris Village,"Paris, France"
Park Cinema,"401 Park Dr #110, Boston, MA 02215, United States"
Park Congregate,"1281 Penna Ave, Pine City, NY 14871, United States"
Park Gardens,"Boston, MA 02215, United States"
Park Lane Seaport Apartments (Massport Parcels G & J),"One Park Ln, Boston, MA 02210, United States"
Parker Hill Apts,"170 Parker Hill Ave, Boston, MA 02120, United States"
Parkside on Adams,"4236 Washington St, Boston, MA 02131, United States"
Parkview SRO,"400 W Laurel Ave, Sterling, VA 20164, United States"
Parmelee Court,"1782 Washington St, Boston, MA 02118, United States"
Parry (VUP),"60 E Jefryn Blvd, Deer Park, NY 11729, United States"
Pasciucco Apts (2-54),"330 Bowdoin St, Boston, MA 02122, United States"
Pass (VUP),"723 7th Ave, New York, NY 10019, United States"
Patricia White (2-71),
Patrick (VUP),"5th Ave, New York, NY 10022, United States"
PBX Residences,"1 City Hall Square #9, Boston, MA 02201, United States"
Peabody Building,"20 Webster St # 2, Peabody, MA 01960, United States"
Peabody Square/Englewood (2-83),
Penniman on the Park,"25 Penniman Rd, Boston, MA 02134, United States"
Penny Savings,"30 Un Pk St, Boston, MA 02118, United States"
Pereira (VUP),"Av. Juan B Gutierrez #15-11, Pereira, Risaralda, Colombia"
Perkins (VUP),"175 N Beacon St, Watertown, MA 02472, United States"
Peterborough Housing,"78 Peterborough St # 11, Boston, MA 02215, United States"
Peters (VUP),"2641 John F. Kennedy Blvd, Jersey City, NJ 07306, United States"
Phillips Brooks School,"2245 Avy Ave, Menlo Park, CA 94025, United States"
Pickle Factory (Oliver Lofts),"Roxbury Crossing,, 166 Terrace St, Roxbury Crossing, MA 02120, United States"
Pine Street Harrison (SPO),"444 Harrison Ave, Boston, MA 02118, United States"
Pine Street Inn (689-1),"444 Harrison Ave, Boston, MA 02118, United States"
Pine Street Park Dr (SPO),"444 Harrison Ave, Boston, MA 02118, United States"
Pinnock (VUP),"Pinnocks, High St, Ripley, Woking GU23 6AF, United Kingdom"
Pond View Apartments,"13 Kenmar Dr # 11, Billerica, MA 01821, United States"
Port 45,"45 W 3rd St, Boston, MA 02127, United States"
Portis Family House,"226 S Huntington Ave, Jamaica Plain, MA 02130, United States"
Powell (VUP),"4001 Plank Rd, Fredericksburg, VA 22407, United States"
Prang Estates,"Louis Prang St, Boston, MA 02115, United States"
Project Family Independence,"11 Mt Pleasant Ave # 103, Roxbury, MA 02119, United States"
Putnam Place,"63 Putnam St, Saratoga Springs, NY 12866, United States"
Quincy Commons,"1 Canton Rd #15, Quincy, MA 02171, United States"
Quincy Heights,"175 Centre St, Quincy, MA 02169, United States"
Quincy Tower,"5 Oak St W, Boston, MA 02116, United States"
RAP-UP I,"31 Marcella St, Boston, MA 02119, United States"
RAP-UP II B,
Raven-Ramsey-Folsom,"2190 E Bidwell St, Folsom, CA 95630, United States"
Reddick (VUP),"106 Apple St, Tinton Falls, NJ 07724, United States"
Renwood-Cunard,"Cunard St, Boston, MA 02120, USA"
Reservoir Towers,"1925 Commonwealth Ave, Boston, MA 02135, United States"
Residences At Bigelow Court,"48 Bigelow Ave, Watertown, MA 02472, United States"
Residences at Brighton Marine,"77 Warren St, Brighton, MA 02135, United States"
Residences at Dahlgren Hall,"United States Naval Academy, 103 Fullam Ct Bldg 103, Annapolis, MD 21402, United States"
Residences at Fairmount Station,"11 2nd New Way, Hyde Park, MA 02136, United States"
Riley House - 202,"39 Maple St, Hyde Park, MA 02136, United States"
Rivers Edge Condominiums,"111 Pleasant St, Watertown, MA 02472, United States"
RMSC Family House Shelter Conversion,"657 East Ave, Rochester, NY 14607, United States"
Robert L. Fortes House,"541 Shawmut Ave, Boston, MA 02118, United States"
Robinson (VUP),"1764 Park Manor Blvd, Pittsburgh, PA 15205, United States"
Rockingham Glen,"30 Rockingham Ave, West Roxbury, MA 02132, United States"
Rockland 202: Warren Gardens,"45 Walnut Ave, Roxbury, MA 02119, United States"
Rockland Towers (2-50),"5300 Washington St, West Roxbury, MA 02132, United States"
Rockvale Circle,"Rockvale Cir, Boston, MA 02130, USA"
Rodrigues (VUP),"140 Wood St, Somerset, MA 02726, United States"
Rollins Square - Parcel 32C,"2 Rollins St, Boston, MA 02118, United States"
Rope Walk Complex,"58 13th St, Boston, MA 02129, United States"
Roslindale Commons Condominiums,"390 Blue Ledge Dr, Roslindale, MA 02131, United States"
Roslindale School,"190 Cummins Hwy, Roslindale, MA 02131, United States"
Roslindale Senior NP Hsg,"1200 Centre St, Roslindale, MA 02131, United States"
Roslyn/Cliffmont,"1 Cliffmont St, Boston, MA 02131, United States"
Roxbury Corners Coop,"134 Northampton St, Roxbury, MA 02118, United States"
Roxbury Crossing Senior Building,"30 Gurney St, Boston, MA 02120, United States"
Roxbury Tenants of Harvard,"11 New Whitney St, Boston, MA 02115, United States"
Roxse Homes,"1050 Tremont St, Boston, MA 02120, United States"
R-Prospect St,"251 Prospect St, Cambridge, MA 02139, United States"
RTH Restoration Housing,"1 Fenwood Rd, Boston, MA 02115, United States"
Ruggles Shawmut Housing,"41 Ruggles St, Roxbury, MA 02119, United States"
Rutherford Landing,"463 Rutherford Ave, Boston, MA 02129, United States"
Rutland Square,"Rutland Square, Boston, MA 02118, USA"
Rutland/East Springfield St (2-74),"2 E Springfield St, Boston, MA 02118, USA"
S Boston Hsg Initiative- Habitat,"273 D St, Boston, MA 02127, United States"
Safe Haven,"89 South St #603, Boston, MA 02111, United States"
Sarah Baker Manor,"33 Perrin St, Boston, MA 02119, United States"
Saratoga Heights,"Saratoga St, Massachusetts, USA"
Sargent Prince SRO,"52 Chauncy St, Boston, MA 02111, United States"
Sargent Street Homes - Home Again,"555 Commonwealth Ave, Newton, MA 02459, United States"
Savin Hill Apartments,"130 Auckland St, Boston, MA 02125, United States"
Savin Maywood Init. (Phase II),
Savin/Creston Project,"392 River Rd, Shelton, CT 06484, United States"
Savin/Maywood (Phase III) - Home Again,"Boston, MA 02119, United States"
Scattered Site Coop,"111 Perkins St, Boston, MA 02130, United States"
School House 77,"610 Cummins Hwy, Mattapan, MA 02126, United States"
Schoolhouse Brookledge,"610 Cummins Hwy, Mattapan, MA 02126, United States"
Seaport Square Parcels B & C,"60 Seaport Blvd, Boston, MA 02210, United States"
SECD Housing,"1 Bow St #400, Cambridge, MA 02138, United States"
SECHC Cumston St,"1601 Washington St, Boston, MA 02118, United States"
SETH APARTMENTS I,"792 Tremont St #1051, Boston, MA 02118, United States"
Seton Manor,"1000 Seton Dr, Orwigsburg, PA 17961, United States"
Shalom Properties,"5210 108th St, Flushing, NY 11368, United States"
Shawmut Ave Lodging House,"677 Tremont St, Boston, MA 02118, United States"
Shawmut Estates (p/o Orchard Park offsite Phase 3 HO),
Shore Plaza East,"600 Border St, East Boston, MA 02128, United States"
Signal Building,"154 W 2nd St, Boston, MA 02127, United States"
Singleton (VUP),"A832, Muir of Ord IV6 7UJ, United Kingdom"
Siochain II,
Siochain Rental Rehab Project I,"1437 Ditty Ave, Santa Rosa, CA 95403, United States"
Sister Clara Co-op,"150 Magnolia St # A, Dorchester, MA 02125, United States"
Six55 Condominium,"655 Tennyson Rd, Hayward, CA 94544, United States"
Smith House,"757 Shawmut Ave, Roxbury, MA 02119, United States"
"Smith, Steven (VUP)",
Soares (VUP),"Av. Edilson Brasil Soares, 2150 - Edson Queiroz, Fortaleza - CE, 60834-005, Brazil"
"Sonoma, Maple, Schuyler","1 Maple Ct B, Boston, MA 02121, United States"
Sophia Snow House,"1205-1215 Centre St, West Roxbury, MA 02132, United States"
South Bay Mixed-Use Town Center (Building D),"8 Allstate Rd, Boston, MA 02118, United States"
South Boston Coop Svc Hsg,"225 W 2nd St, South Boston, MA 02127, United States"
South Boston Elderly Housing,"120 H St, Boston, MA 02127, United States"
South Boston Housing Initiative - Cityside,"81 Orton Marotta Way, South Boston, MA 02127, United States"
South Boston Portfolio,"88 Black Falcon Ave Suite 320, Boston, MA 02210, United States"
South Cove Apts,"285 Tremont St, Boston, MA 02116, United States"
South End Apartments,"781 Tremont St, Boston, MA 02118, United States"
SOUTH END APARTMENTS RENOVATION PROJECT,"781 Tremont St, Boston, MA 02118, United States"
South End CHC,"1601 Washington St, Boston, MA 02118, United States"
South End Coop. Housing,"163 W Springfield St # A, Boston, MA 02118, United States"
South End Tenants I,"434 Massachusetts Ave, Boston, MA 02118, United States"
South End Tenants II,"29 Rutland Square, Boston, MA 02118, United States"
South Street (200-12),"12 Street 200, Maadi as Sarayat Al Gharbeyah, Maadi, Cairo Governorate, Egypt"
Southwest Crossing Condominium,"12500 Sandpiper Dr, Houston, TX 77035, United States"
Spencer House,"Roxbury, MA 02119, United States"
Spring/Temple St (2-70),"70 Temple St #2, Springfield, MA 01105, USA"
St Botolph Apts (2-53),"81 St Botolph St, Boston, MA 02116, United States"
St Botolph St. Assisted Living Community,"352 Massachusetts Ave, Boston, MA 02115, United States"
St Botolph Street Apts,"81 St Botolph St, Boston, MA 02116, United States"
St Botolph Terrace,"353 Massachusetts Ave, Boston, MA 02115, United States"
St Cecilia's House,"108 Kilmarnock St, Boston, MA 02215, United States"
St Gabriel's,"Boston, MA 02135, United States"
St Helena House,"89 Un Pk St, Boston, MA 02118, United States"
St James Estate Condominium,"7 Beech St, Cambridge, MA 02140, United States"
St John of God - Market & Clergy,"38 Everett St, Woburn, MA 01801, United States"
St Josephs Housing,"86 Crispus Attucks Pl, Roxbury, MA 02119, United States"
St Kevin's,"516 Columbia Rd, Boston, MA 02125, United States"
St Peter and Paul Church and Rectory,"100 Concord Ave, Cambridge, MA 02138, United States"
Stadia 50,"50 Hichborn St, Boston, MA 02134, United States"
Stafford Heights/New Boston Coop,"13 Stafford St, Boston, MA 02119, United States"
Stanwood Homes - Home Again,"9923 270th St NW Suite 102, Stanwood, WA 98292, United States"
Stille (VUP),"Strandstraße 54, 27638 Wurster Nordseeküste, Germany"
Stonewall at Audubon Circle Phase I,"Audubon Circle, Boston, MA 02215, United States"
Stony Brook Gardens/ Chestnut-Lamartine,"97 Lamartine St, Boston, MA 02130, United States"
Stony Brook Village (formerly Canterbury Hts),"111 Main St, Stony Brook, NY 11790, United States"
Strada 234,"234 Causeway St, Boston, MA 02114, United States"
Strathcona Arms (p/o Ten Most Wanted),
Sullivan (VUP),"112 College Rd, Loch Sheldrake, NY 12759, United States"
Sumner Court,"100 Public Square, Gallatin, TN 37066, United States"
Sumner Hill House,"76 Elm St, Jamaica Plain, MA 02130, United States"
Suppressed1,"10620 Riggs Hill Rd STE G, Jessup, MD 20794, United States"
Suppressed10,
Suppressed11,
Suppressed12,
Suppressed13,
Suppressed14,
Suppressed15,
Suppressed16,
Suppressed17,
Suppressed18,
Suppressed19,
Suppressed2,
Suppressed20,
Suppressed21,
Suppressed22,
Suppressed23,
Suppressed24,
Suppressed25,
Suppressed26,
Suppressed27,
Suppressed28,
Suppressed29,
Suppressed3,
Suppressed30,
Suppressed31,
Suppressed32,
Suppressed33,
Suppressed34,
Suppressed35,
Suppressed36,
Suppressed4,
Suppressed5,
Suppressed6,
Suppressed7,"10620 Riggs Hill Rd STE G, Jessup, MD 20794, United States"
Suppressed8,
Suppressed9,
Symphony Court at Burbank Street,"41-43 Westland Ave, Boston, MA 02115, United States"
Symphony Plaza East,"334 Massachusetts Ave, Boston, MA 02115, United States"
Symphony Plaza West,"334 Massachusetts Ave, Boston, MA 02115, United States"
TAB I,"38 Newbury St UNIT 702, Boston, MA 02116, United States"
TAB II,"38 Newbury St UNIT 702, Boston, MA 02116, United States"
TAB II?,"38 Newbury St UNIT 702, Boston, MA 02116, United States"
Tai Tung Village,"230 Harrison Ave, Boston, MA 02111, United States"
Taino Tower,"Taino Towers, New York, NY 10035, USA"
Talbot Commons Phase 1,"193 Talbot Ave, Boston, MA 02124, United States"
Talbot/Bernard (Elderly) 202,"193 Talbot Ave, Boston, MA 02124, United States"
Talbot/Bernard (Rental),"193 Talbot Ave, Boston, MA 02124, United States"
Tate (VUP),"43 N Sea Rd, Southampton, NY 11968, United States"
Taurus Apts,"754 Blue Hill Avenue, Dorchester, MA 02121, United States"
Taurus at Fountain Hill,
TDC III,"434 Massachusetts Ave, Boston, MA 02118, United States"
Tebroc Levant (HOME AGAIN),"75 Kneeland St #1102, Boston, MA 02111, United States"
Telford 180 (Formerly Charlesview Telford),"404 Western Ave, Boston, MA 02134, United States"
Ten Most Wanted - 1,
Ten Most Wanted - 10,"6 Brown Rd, Saratoga Springs, NY 12866, United States"
Ten Most Wanted - 11,"6 Brown Rd, Saratoga Springs, NY 12866, United States"
Ten Most Wanted - 12,"6 Brown Rd, Saratoga Springs, NY 12866, United States"
Ten Most Wanted - 13,
Ten Most Wanted - 14,"6 Brown Rd, Saratoga Springs, NY 12866, United States"
Ten Most Wanted - 15,
Ten Most Wanted - 2,"6 Brown Rd, Saratoga Springs, NY 12866, United States"
Ten Most Wanted - 3,
Ten Most Wanted - 4,"6 Brown Rd, Saratoga Springs, NY 12866, United States"
Ten Most Wanted - 5,"6 Brown Rd, Saratoga Springs, NY 12866, United States"
Ten Most Wanted - 6,
Ten Most Wanted - 7,"6 Brown Rd, Saratoga Springs, NY 12866, United States"
Ten Most Wanted - 8,"6 Brown Rd, Saratoga Springs, NY 12866, United States"
Ten Most Wanted - 9,"6 Brown Rd, Saratoga Springs, NY 12866, United States"
Tent City,"565 Massachusetts Ave, Cambridge, MA 02139, United States"
Thane St Apts,"209 Sumner St, Boston, MA 02128, United States"
The 1850 Condominium,"90 Wareham St, Boston, MA 02118, United States"
The Aberdeen,"1650 Commonwealth Ave, Boston, MA 02135, United States"
The Anchorage,"103 9th St, Charlestown, MA 02129, United States"
The Andi (South Bay Town Center Building C),"4 Lucy St, Boston, MA 02125, United States"
The Beverly,"101 Beverly St, Boston, MA 02114, United States"
The Boulevard,"Atlantic Ave, Boston, MA 02110, United States"
The Brownstones,"111 Dartmouth St, Boston, MA 02116, United States"
The Bryant,"303 Columbus Ave, Boston, MA 02116, United States"
The Bulfinch,"116 Huntington Ave, Boston, MA 02116, United States"
The Carillon,"185 Massachusetts Ave, Boston, MA 02115, United States"
The Chester,"18 9th Ave, New York, NY 10014, United States"
The Clarendon,"400 Stuart St, Boston, MA 02116, United States"
The Clarion,"311 Blue Hill Avenue, Boston, MA 02121, United States"
The Commons at Forest Hills,"434 McGrath Hwy, Somerville, MA 02143, United States"
The Dorchester,"Dorchester Center, Boston, MA 02124, USA"
The Edge,"137 Beach St #2816, Quincy, MA 02170, United States"
The Graphic,"32 Cambridge St, Charlestown, MA 02129, United States"
The Harmon Apartments (Boston Home Group),"2045 Dorchester Ave, Boston, MA 02124, United States"
The Harvey,"50 Hood Park Dr, Boston, MA 02129, United States"
The Homes at Roxbury Crossing,"1050 Tremont St, Boston, MA 02120, United States"
The Lancaster,"1501 Commonwealth Ave, Brighton, MA 02135, United States"
The Macallen,"141 Dorchester Ave, Boston, MA 02127, United States"
The Mark at DeNormanie Wharf,"99 Sumner St, Boston, MA 02128, United States"
The Melnea (Parcel 9/Residential),"431 Melnea Cass Blvd, Boston, MA 02119, United States"
The Metropolitan,"1 Nassau St, Boston, MA 02111, United States"
The Modern,"263 Hanover St, Boston, MA 02113, United States"
The Mt Vernon,"Mt Vernon, VA, USA"
The Nautica,"88 Constitution Rd, Boston, MA 02129, United States"
The Pierce,"200 Brookline Ave, Boston, MA 02215, United States"
The Radian,"120 Kingston St, Boston, MA 02111, United States"
The Residences At Forest Hills,"95 Hyde Park Ave, Boston, MA 02130, United States"
The Residences at St. Augustine,"330 N Shore Cir, St. Augustine, FL 32092, United States"
The Residences at West Broadway,"50 W Broadway, Boston, MA 02127, United States"
The Residences on E,"245 Sumner St, Boston, MA 02128, United States"
The Seville Boston Harbor,"250 Meridian St, Boston, MA 02128, United States"
The Stearns,"10 Temple Pl, Boston, MA 02111, United States"
The Sudbury [Govt Center Garage Rental],"50 Sudbury St, Boston, MA 02114, United States"
The Tremont,"1480-1482 Tremont St, Boston, MA 02120, United States"
Theroch,"133 Columbia Rd, Boston, MA 02121, United States"
Thetford-Dyer Neighborhood Homes,"4 Gerrish Ave, Chelsea, MA 02150, United States"
Torre Unidad (2-49),
Townhouses at Glenwood,"145 Glenwood St, Malden, MA 02148, United States"
Townhouses at Neponset River,"2 Hancock St, Quincy, MA 02171, United States"
Treadmark,"1971-1977 Dorchester Ave, Boston, MA 02124, United States"
Tremont Houses,"725 Tremont St, Boston, MA 02118, United States"
Trilogy Residential,"Fenway Triangle Trilogy, 170 Brookline Ave, Boston, MA 02215, United States"
Trinity Neighborhood House,"406 Meridian St, Boston, MA 02128, United States"
Trinity Terrace,"Trinity Terrace, Boston, MA 02121, USA"
Trolley House Condos,"335 W 2nd St, Boston, MA 02127, United States"
Troy Boston,"55 Traveler St, Boston, MA 02118, United States"
Trull/Ware Homes,
Twenty at Luma,"120 W 41st St, New York, NY 10036, United States"
UE Apartments,"1039 Massachusetts Ave, Cambridge, MA 02138, United States"
UE Dixwell Park,"1542 Columbus Ave, Roxbury, MA 02119, United States"
Uhomes,"90 Antwerp St, Boston, MA 02135, United States"
Ulin House,"Boston, MA 02135, United States"
Uphams Corner Market Residential and Elderhouse,"Boston, MA 02125, United States"
Uphams Corner/Red Hazel Apts,"530 Columbia Rd, Boston, MA 02125, United States"
Uphams West,"Uphams Ct, Boston, MA 02125, USA"
Upton Street Lodging House,"592 Tremont St, Boston, MA 02118, United States"
Upton Street Lodging House Units,"592 Tremont St, Boston, MA 02118, United States"
Urbanica 691,
Urbanica Highland Park (E+),"142 Berkeley St, Boston, MA 02116, United States"
Uva Douglas Estates,"128 Rockfish Orchard Dr, Afton, VA 22920, United States"
Valenchuck (VUP),"3320 Richter St #401, Kelowna, BC V1W 4V5, Canada"
Van Ness Terrace,"Van Ness St, Boston, MA 02215, USA"
Vet Step Up,
Veterans Studios at Brighton Marine,"77 Warren St, Brighton, MA 02135, United States"
VFW Parkway Condos,"1235 VFW Pkwy, West Roxbury, MA 02132, United States"
Victoria Apartments,"640 Tremont St, Boston, MA 02118, United States"
Victory Gardens Plaza,"1200 Boylston St, Boston, MA 02215, United States"
Victory House,"566 Chester Square, Boston, MA 02118, United States"
Viet-AID,"42 Charles St, Boston, MA 02122, United States"
Villa Michelangelo,"1 Michelangelo St, Boston, MA 02113, United States"
Village At Cleary Square,"Stony Brook / Cleary Square, Boston, MA, USA"
Vines (VUP) CDFI,"50 Milk St, Boston, MA 02110, United States"
Viridian,"1282 Boylston St, Boston, MA 02215, United States"
VITA,
Viviendas Associates I,"44 John Eliot Sq, Roxbury, MA 02119, United States"
Viviendas La Victoria II,"Dg. 4, Tv. 11, Montería, Córdoba, Colombia"
Wait Street,"Wait St, Boston, MA, USA"
Walker Park Apartments,"1990 Columbus Ave, Boston, MA 02119, United States"
Wallingford Housing,"45 Tremper Dr, Wallingford, CT 06492, United States"
Walnut Avenue Apartments (SPO),"230 Walnut St, Newtonville, MA 02460, United States"
Walnut Community Housing,"237 Walnut Ave, Boston, MA 02119, United States"
Walnut House/Rogerson,"434 Jamaicaway, Boston, MA 02130, United States"
Walter Baker Lofts,"1231 Adams St, Boston, MA 02124, United States"
Walter J. Martin Coop,
Wardman Apts,"3230 Washington St, Boston, MA 02130, United States"
Wareham Lofts,"2421 Cranberry Hwy, Wareham, MA 02571, United States"
Warren Avenue Apts,"45 Walnut Ave, Roxbury, MA 02119, United States"
Warren Gardens Coop,"45 Walnut Ave, Roxbury, MA 02119, United States"
Warren Green Leasehold Condominiums,"7 Silver Hill Ln, Natick, MA 01760, United States"
Warren St Nursing Home,"568 Child St, Warren, RI 02885, United States"
Washington Grove,"Washington Grove, MD, USA"
"Washington Heights I, II","127 Washington St, Brighton, MA 02135, United States"
Washington Manor (2-44C),"1701 Washington St, Boston, MA 02118, United States"
Washington Mews,"Washington St, Cambridge, MA 02139, USA"
Washington Street (2-35),"235 Washington St, Norwood, MA 02062, USA"
Washington-Beech (2-13),"4560 Washington St, Roslindale, MA 02131, United States"
Waterford Place,"180 Shawmut Ave, Boston, MA 02118, United States"
Watermark Seaport Apartments,"85 Seaport Blvd, Boston, MA 02210, United States"
Waterside Place,"505 Congress St, Boston, MA 02210, United States"
Waterstone at the Circle,"385 Chestnut Hill Ave, Boston, MA 02135, United States"
Waterview Apartments,"1350 Columbia Rd, Boston, MA 02127, United States"
Watson (VUP),"75 Binney St 4th Floor, Cambridge, MA 02142, United States"
Waverly Abby - Bridge Over Troubled Waters,"47 West St, Boston, MA 02111, United States"
Waverly Homes II,"9 Bronsdon St, Brighton, MA 02135, United States"
Wayland Street Homes,"1381 Washington St, West Newton, MA 02465, United States"
Wayne Apartments,"393 Centre St, Dorchester, MA 02122, United States"
Wayne at Bicknell,"Quincy, MA 02169, United States"
Wayne at Blue Hill,"Wayne St & Blue Hill Avenue, Boston, MA 02121, USA"
Wayne at Columbia,"392 Columbia Rd #10, Dorchester, MA 02125, United States"
Wayne at Franklin,"1 Shandon Rd, Dorchester Center, MA 02124, United States"
Weld Park Apts,"112 Water St STE 600, Boston, MA 02109, United States"
Wellington Hill Phase I,"501 Wellington Hill Rd, Manchester, NH 03104, United States"
Wellington Hill Phase II,"501 Wellington Hill Rd, Manchester, NH 03104, United States"
Welsh (VUP),
West Broadway/D St (200-1),"Boston, MA 02127, United States"
West Cottage St Condominiums,"156 Porter St, Boston, MA 02128, United States"
West Fenway Elderly,"110 Peterborough St, Boston, MA 02215, United States"
West Newton Street (2-58),"258 W Newton St, Boston, MA 02116, USA"
West Ninth Street (2-36),"236 W 9th St, Boston, MA 02127, USA"
West Roxbury Residences,"1235 VFW Pkwy, West Roxbury, MA 02132, United States"
West Square,"320 D St, Boston, MA 02127, United States"
Westland Avenue Apartments,"66 Westland Ave # 205, Boston, MA 02115, United States"
Westminster 21 (Urban Edge),
Westminster Court,"Westminster Ct, Boston, MA 02119, USA"
Whittier Street Apartments (2-11),"1158 Tremont St, Boston, MA 02120, United States"
Whittier/Lyndhurst/Washington,"587 Washington St, Dorchester Center, MA 02124, United States"
Wilder Gardens,"351 S Shirkshire Rd, Conway, MA 01341, United States"
Wilkes Passage Loft Condominium,"1313 Washington St, Boston, MA 02118, United States"
Williams (VUP),"880 Main St, Williamstown, MA 01267, United States"
Willowwood|Hildreth NHI,"Willowwood St, Boston, MA 02124, USA"
Wilshire Apartments,"Cheney St, Boston, MA 02121, United States"
Winslow Court,"Winslow St, Boston, MA 02119, USA"
Winston/Harwood (689-?),
Wood (VUP),"213 W 35th St, New York, NY 10001, United States"
Woodbourne Elderly Apts,"6 Southbourne Rd #4208, Jamaica Plain, MA 02130, United States"
Woodbury Cunard Building,
Woodledge/Granfield,"1005 Hopewell Rd, South Glastonbury, CT 06073, United States"
Woodward Park - North - Home Again,"Fresno, CA 93720, United States"
Woodward Park II - HOME AGAIN,"3HMM+68, Norwalk, CT 06850, United States"
Worcester House,"28 Worcester Ln, Waltham, MA 02451, United States"
Worcester Square,"Worcester Square, Boston, MA 02118, USA"
Wrentham St School,"120 Taunton St, Wrentham, MA 02093, United States"
x & 404 West Second St,"404 W 2nd St, Boston, MA 02127, USA"
x & 50 Corbet (REMS Land),
x & x St George Street Condominium,"350 Revere Beach Blvd, Revere, MA 02151, United States"
x -1740 Washington St,"558 Washington St, Boston, MA 02111, United States"
x A Street,"X St, Sacramento, CA, USA"
x A Street Front,"4 Jersey St, Boston, MA 02215, United States"
x Adams Street,"326 Adams St, Dorchester, MA 02122, United States"
x Albany Street,"601 Albany St, Boston, MA 02118, United States"
x Algonquin St,"1704 S Randall Rd, Algonquin, IL 60102, United States"
x Alpine Street,"13 Irving St, Malden, MA 02148, United States"
x Alvah Kittredge Park,"2P, Alvah Kittredge Park, Boston, MA 02119, United States"
x American Legion Highway (AOP),"Boston, MA 02136, United States"
x Amory Ave,"125 Amory St, Boston, MA 02119, United States"
x Amory St,"125 Amory St, Boston, MA 02119, United States"
x and 120-122 Mt. Pleasant Avenue,"9 Manger Rd, West Orange, NJ 07052, United States"
x and 380 Harrison Ave,"380 Harrison Ave, Boston, MA 02118, United States"
x Arbutus (YouthBuild),"27 Centre St, Boston, MA 02119, United States"
x Arbutus Street,"4645 Arbutus St, Vancouver, BC V6J 4A3, Canada"
x Arlington St (AOP),"351 Boylston St, Boston, MA 02116, United States"
x Ashland St,"11 Ashland St, Taunton, MA 02780, United States"
x Astoria Street (Beharry VUP),"Astoria St, Boston, MA 02126, USA"
x Athens St,"11B Washington St, South Attleboro, MA 02703, United States"
x B Street,"113 Trapelo Rd, Belmont, MA 02478, United States"
x Banton St,"80 Johnson Ave, Newark, NJ 07108, United States"
x Batchelder St,"Brooklyn, NY 11229, United States"
x Beach St. Loft Condominium,"Beach St, Boston, MA 02111, USA"
x Belgrade Ave,"331 Belgrade Ave, Boston, MA 02131, United States"
x Bellevue Street,"190 Bellevue Ave, Newport, RI 02840, United States"
x Bennington St,"917 Bennington St, Boston, MA 02128, United States"
x Bennington St (AOP),"296 Bennington St #2, Boston, MA 02128, United States"
x Bennington St. EBO 02128-COB,"917 Bennington St, Boston, MA 02128, United States"
x Birch Rd (RDP),"3050 Birch Rd, Bremen, IN 46506, United States"
x Blackinton St (AOP),"Blackinton St, Boston, MA 02128, USA"
x Blue Hill Ave,"1480 Blue Hill Avenue, Boston, MA 02126, United States"
x Blue Hill Ave (REMS buildings),"1480 Blue Hill Avenue, Boston, MA 02126, United States"
x Boardman,"819 McKay Ct # B103, Youngstown, OH 44512, United States"
x Boardman St,"100 Boardman St, Boston, MA 02128, United States"
x Bowdoin Ave (AOP),"254 Maine St, Brunswick, ME 04011, United States"
x Bowdoin St,"227 Bowdoin St, Boston, MA 02122, United States"
x Bowdoin St (RDP),"200 Bowdoin St, Dorchester, MA 02122, United States"
x Boylston,"2 Boylston St, Boston, MA 02116, United States"
x Boylston Rehab Phase,"850 Boylston St, Chestnut Hill, MA 02467, United States"
x Boylston St,"443 Boylston St, Boston, MA 02116, United States"
x Braintree Street,"75 Braintree St, Allston, MA 02134, United States"
x Breed St (AOP),"Revere, MA 02151, United States"
x Bremen St,"70 S Bremen St, Boston, MA 02128, United States"
x Bremen St (AOP),"Bremen St, Boston, MA 02128, United States"
x Broad Street,"264 Broad St, Norwich, CT 06360, United States"
x Brooks St (AOP),"Boston, MA 02135, United States"
x Burbank Street,"18 Haviland St, Boston, MA 02115, United States"
x Burt St/VOA Sober House,"5 Stafford St, Roxbury, MA 02119, United States"
x Bushnell St,"1 Jewell St, Hartford, CT 06103, United States"
x Cambridge,"The College House, Harvard Square Theatre, The College House, 6 Church St, Cambridge, MA 02138, United States"
x Cambridge St,"100 Cambridge St, Boston, MA 02114, United States"
x Cambridge Street,"100 Cambridge St, Boston, MA 02114, United States"
x Cameron Street,"Brockton, MA 02302, United States"
x Carlford Rd,
x Catawba St - Youthbuild,"27 Centre St, Boston, MA 02119, United States"
x Centre Street,"659 Centre St, Boston, MA 02130, United States"
x Cetnre Street,"225 Centre St, Roxbury, MA 02119, United States"
x Chamblet Street,"must call for appointment, 39 Smith St, Boston, MA 02120, United States"
x Chaucer St (AOP),"Hot Springs, AR 71901, United States"
x Chauncy Street Condominium,"115 Chauncy St #1740, Boston, MA 02111, United States"
x Chelsea St (1-4 Program),"1 Chelsea St, Everett, MA 02149, USA"
x Chelsea St (AOP),"Everett, MA 02149, United States"
x Chelsea Street E. Boston - COB,"319 Chelsea St, Boston, MA 02128, United States"
x Chestnut Ave (1-4 Program),
x Chestnut Hill Ave,"Boston, MA 02135, United States"
x Chipman St (RDP),"Chipman St, Boston, MA 02124, USA"
x Clarkson St,"515 N Clarkson St, Denver, CO 80218, United States"
x Clifton St,"1425 Broad St Suite 4, Clifton, NJ 07013, United States"
x Clifton St (RDP),"Clifton St, Cambridge, MA 02140, USA"
x Coffey St,"1922 Beacon St, Brighton, MA 02135, United States"
x Coleman St (1-4 Program),"1 Coleman St, Pawtucket, RI 02860, USA"
x Coleman St (REO),
x Coleman Street,"197 N Coleman Rd, Centereach, NY 11720, United States"
x Colonial Avenue E+,"1115 Colonial Ave, Norfolk, VA 23507, United States"
x Columbus Ave,"Boston, MA 02120, United States"
x Columbus Ave Conversion,"Boston, MA 02119, United States"
x Columbus Avenue,"Boston, MA 02120, United States"
x Commercial St,"145 Commercial Street, Boston, MA 02109, United States"
x Commonwealth Ave,"590 Commonwealth Ave, Boston, MA 02215, United States"
x Commonwealth Ave (Phase 2 - Dorm/Micro Conversion),"Commonwealth Ave, Massachusetts, USA"
x Commonwealth Avenue,"484 Commonwealth Ave, Boston, MA 02116, United States"
x Congress Street,"330 Congress St, Boston, MA 02210, United States"
x Corman Road Mattapan - COB,"558 Washington St, Boston, MA 02111, United States"
x Cranston St,"923 Cranston St, Cranston, RI 02910, United States"
x Crawford Street SRO,"1059 Tremont St Suite 2, Boston, MA 02120, United States"
x Cummins Highway,"926 Cummins Hwy, Mattapan, MA 02126, United States"
x D St,"4 Jersey St, Boston, MA 02215, United States"
x D Street,"330 Congress St, Boston, MA 02210, United States"
x Dacia Street,"Dacia St, Boston, MA 02125, USA"
x Dale Street Condominium,"173 Pleasant St, Cambridge, MA 02139, United States"
x Devon Street,"60 Canal St, Boston, MA 02114, United States"
x Dorchester Av,"1454 Dorchester Ave, Dorchester, MA 02122, United States"
x Dorchester Ave,"1454 Dorchester Ave, Dorchester, MA 02122, United States"
x Dorchester Ave. (SPO),"934 Dorchester Ave, Boston, MA 02125, United States"
x Dorchester Avenue,"1454 Dorchester Ave, Dorchester, MA 02122, United States"
x Dorchester St,"43 Freeport St, Boston, MA 02122, United States"
x Dorchester St.,"43 Freeport St, Boston, MA 02122, United States"
x Draper St (BuildHOME),"Draper St, Boston, MA 02122, USA"
x Dudley St (REO),"Boston, MA 02119, United States"
x Dudley Street,"Boston, MA 02119, United States"
x Dunlap Street,"393 N Dunlap St, St Paul, MN 55104, United States"
x Dunreath St (RDP),"Dunreath St, Boston, MA 02119, USA"
x E Eagle Street (AOP),"370 E Eagle St, Boston, MA 02128, United States"
x E Fifth Street,"Olympic Tower, 645 5th Ave, New York, NY 10022, United States"
x E Second St,"194 E 2nd St, New York, NY 10009, United States"
x E Third St,"222 Third St, Cambridge, MA 02142, United States"
x East Broadway,"869 E Broadway, Boston, MA 02127, United States"
x East Brookline,"1379 Beacon St, Brookline, MA 02446, United States"
x East First,"1454 Dorchester Ave, Dorchester, MA 02122, United States"
x East Second,"1320 Boston-Providence Turnpike, Norwood, MA 02062, United States"
x East Second Street,"194 E 2nd St, New York, NY 10009, United States"
x East Springfield St,"520 Sumner Ave, Springfield, MA 01108, United States"
x East Third St,"222 Third St, Cambridge, MA 02142, United States"
x Elizabeth St,"Seton 4th Floor, 736 Cambridge St, Brighton, MA 02135, United States"
x Ellington St,"Boston, MA 02121, United States"
x Elwyn Road (REO),"45 Constitution Ave, Concord, NH 03301, United States"
x Esmond Street,"must call for appointment, 39 Smith St, Boston, MA 02120, United States"
x Eustis Street,"20 Eustis St, Roxbury, MA 02119, United States"
x Eutaw St (AOP),"225 N Eutaw St, Baltimore, MD 21201, United States"
x Evans Street: Perry,"807 Carroll St, Perry, GA 31069, United States"
x Everett St,"38 Everett St, Boston, MA 02134, United States"
x Fairland St (Lee VUP),"75 Francis St, Boston, MA 02115, United States"
x Fairmount Ave,"1720 Fairmount Ave, Philadelphia, PA 19130, United States"
x Falcon St (AOP),"Boston, MA 02128, United States"
x Fisher Ave,"2312 Pawtucket Ave, East Providence, RI 02914, United States"
x Fort Avenue,"Boston, MA 02120, United States"
x Fottler (REMS Land),"313 Sand Ln Suite #2, Staten Island, NY 10305, United States"
x Gaston (RDP),"420 W Franklin Blvd, Gastonia, NC 28052, United States"
x Gladstone St (AOP),"50 Gladstone St, Cranston, RI 02920, United States"
x Glendon St (AOP),"Glendon St, Boston, MA 02128, USA"
x Glenway St,"43 Freeport St, Boston, MA 02122, United States"
x Glenway Street,"43 Freeport St, Boston, MA 02122, United States"
x Glenway Street (1-4),"5410 Glenway Ave, Cincinnati, OH 45238, United States"
x Gordon Avenue,"Boston, MA 02120, United States"
x Green Street,"150 Green St, Boston, MA 02130, United States"
x Greenbrier St (BuildHome),"859 S Greenbrier St, Arlington, VA 22204, United States"
x Greenwich Park*,"11 Tods Driftway, Old Greenwich, CT 06870, United States"
x H Street,"15 Lansdowne St, Boston, MA 02215, United States"
x Hancock,"417 Hancock St, Quincy, MA 02171, United States"
x Hanover St,"332 Hanover St, Boston, MA 02113, United States"
x Harold Street,"725 Albany St 4th Floor, Suite 4B, Boston, MA 02118, United States"
x Harrison Ave,"850 Harrison Ave, Boston, MA 02118, United States"
x Harrison Ave Condos,"700 Harrison Ave, Boston, MA 02118, United States"
x Harrison Avenue,"850 Harrison Ave, Boston, MA 02118, United States"
x Harvard Street,"67 Mt Auburn St, Cambridge, MA 02138, United States"
x Hawthorne Pl,"2 Hawthorne Pl, Boston, MA 02114, United States"
x Hawthorne Street,"3242 Hawthorne Rd, Ottawa, ON K1G 3W9, Canada"
x Hemenway,"1515 Massachusetts Ave, Cambridge, MA 02138, United States"
x Hemenway Coop,"729 Water St, Framingham, MA 01701, United States"
x Hendry St (REO),"1300 Hendry St, Fort Myers, FL 33901, United States"
x Hichborn St,"26 Hichborn St, Brighton, MA 02135, United States"
x Highland St E+,"Highland St, Boston, MA 02119, USA"
x Highland Street,"Boston, MA 02120, United States"
x Holborn Terrace,"4 Fulwood Pl, London WC1V 6HG, United Kingdom"
x Hollander Street,"745 Boylston St #301, Boston, MA 02116, United States"
x Homes Ave Development,"367 Lake Ave, St James, NY 11780, United States"
x Hosmer St (Lee VUP),"7101 E Genesee St, Fayetteville, NY 13066, United States"
x House (SPO),"110 Huntington Ave, Boston, MA 02116, United States"
x Howard Ave,"800 Howard Ave, New Haven, CT 06519, United States"
x Huckins St,"2014 Washington St, Newton, MA 02462, United States"
x Hudson St (AOP),"395 Hudson St, New York, NY 10014, United States"
x Humboldt Avenue,"Boston, MA 02119, United States"
x Humboldt Avenue-202,"202 Humboldt Ave, Boston, MA 02121, United States"
x Humphreys Place (AOP),"83-2 Dodu-ri, Paengseong-eup, Pyeongtaek-si, Gyeonggi-do, South Korea"
x Huntington Avenue,"201 S Huntington Ave, Boston, MA 02130, United States"
x Hutchings Street,"131 Dale St, Boston, MA 02119, United States"
x Hyde Park Ave,"Boston, MA 02136, United States"
x Hyde Park Avenue,"Boston, MA 02136, United States"
x Intervale St (RDP),"Intervale St, Boston, MA 02121, USA"
x Itasca Street,
x Juniper Street,"Lawrence, MA 01841, United States"
x Kingsdale St,"43 Freeport St, Boston, MA 02122, United States"
x L Street,"658 E 8th St, Boston, MA 02127, United States"
x Landor Road,"70 Landor Rd, London SW9 9PH, United Kingdom"
x Lawnwood Place Project,"One Boston Place, #2600, Boston, MA 02108, United States"
x Lawrence Avenue,"170 Governors Ave, Medford, MA 02155, United States"
x Leighton Rd Foreclosed Home Sale,
x Leroy St (AOP),"435 Hudson St, New York, NY 10014, United States"
x Levant St,"Levant St, Boston, MA 02122, USA"
x Lexington Ave (AOP),"1104 Lexington Ave, New York, NY 10075, United States"
x Lexington St (1-4 Program),"1 Lexington St, Waltham, MA 02452, USA"
x Lexington/92-94 Putnam (1-4),
x Leyden St (AOP),"195 Leyden St, Boston, MA 02128, United States"
x Lorne Street,"773 Lorne St, Sudbury, ON P3C 4R5, Canada"
x Magnolia St,"70 Main St Suite 100, North Andover, MA 01845, United States"
x Magnolia St (RDP),"1000 Rue Notre-Dame, Lavaltrie, Quebec J5T 1M1, Canada"
x Mallon Road,"131 Dale St, Boston, MA 02119, United States"
x Malvern St,"40 Malvern St, Boston, MA 02134, United States"
x Manor St (RDP),"1000 Rue Notre-Dame, Lavaltrie, Quebec J5T 1M1, Canada"
x Marion Place,"135 E Nittany Ave, State College, PA 16801, United States"
x Marion St,"77 Marion and, 1405 Beacon St, Brookline, MA 02446, United States"
x Market St,"10 Buick St, Boston, MA 02215, United States"
x Market Street,"356-358 Market St, Boston, MA 02135, United States"
x Mass. Ave. (BCLT),"150 Massachusetts Ave, Boston, MA 02115, United States"
x Massachusetts Ave,"480 Massachusetts Ave, Cambridge, MA 02139, United States"
x Massachusetts Avenue,"480 Massachusetts Ave, Cambridge, MA 02139, United States"
x Maverick St,"Maverick St, Boston, MA 02128, USA"
x Maverick St (AOP),"Maverick St, Boston, MA 02128, United States"
x Maywood Street,"75 Maywood St, Worcester, MA 01603, United States"
x McBride St,"141 McBride St, Jamaica Plain, MA 02130, United States"
x Medford St,"35 Medford St, Somerville, MA 02143, United States"
x Metropolitan Ave,"96-10 Metropolitan Ave, Forest Hills, NY 11375, United States"
x Milton Street,"171 Milton St, Dedham, MA 02026, United States"
x Minden St,"Königstraße 144, 32427 Minden, Germany"
x Minden Street,"6 McPherson St, Minden, ON K0M 2K0, Canada"
x Miner Street,"9 Miner St, Boston, MA 02215, United States"
x Monsignor Way,"17 Blakeville St, Dorchester, MA 02121, United States"
x Morris Street (AOP),"266 Hawley St, Phoenixville, PA 19460, United States"
x Morse Street,"83 Morse St, Norwood, MA 02062, United States"
x Mount Everett NHI,
x Mountfort St,"120 Mountfort St, Boston, MA 02215, United States"
x Mt. Pleasant Ave SRO,"28 Mt Pleasant Ave, Boston, MA 02119, United States"
x Mt. Pleasant Avenue,"28 Mt Pleasant Ave, Boston, MA 02119, United States"
x Murray Ave,"2010 Murray Ave, Pittsburgh, PA 15217, United States"
x Murray Ave (1-4),"Murray Ave, Pittsburgh, PA 15217, USA"
x N Beacon,"15 N Beacon St, Allston, MA 02134, United States"
x N Beacon St (Condo Phase),"15 N Beacon St, Allston, MA 02134, United States"
x N Beacon St (Rental Phase),"15 N Beacon St, Allston, MA 02134, United States"
x N Beacon St Mixed Use Development,"Boston, MA 02135, United States"
x Nelson Street,"3 Nelson St, Leicester LE1 7BF, United Kingdom"
x Neponset Ave,"166 Neponset Ave, Boston, MA 02122, United States"
x Newbury - Virgin Records,"360 Newbury St, Boston, MA 02115, United States"
x Nightingale Street,"Boston, MA 02119, United States"
x Norfolk Street (RDP),"1000 Rue Notre-Dame, Lavaltrie, Quebec J5T 1M1, Canada"
x North Ave/YouthBuild,"27 Centre St, Boston, MA 02119, United States"
x Northampton Apts,"35 Northampton St, Boston, MA 02118, United States"
x Norwell St - YouthBuild,"1785 Columbus Ave #500, Roxbury, MA 02119, United States"
x Norwell Street (REO/Private Acquisition),"17 Accord Park Dr Ste 207, Norwell, MA 02061, United States"
x Oak Street (AOP),"30 W Monroe St #1200, Chicago, IL 60603, United States"
x Old Colony,"235 Victory Rd, Dorchester, MA 02122, United States"
x Old Colony Ave,"232 Old Colony Ave, Boston, MA 02127, United States"
x Orleans Street,"24 Orleans St, Boston, MA 02128, United States"
x Otisfield St (BuildHome),"51 Charles St, Boston, MA 02114, United States"
x Page St (James VUP),"6805 Industrial Rd, Springfield, VA 22151, United States"
x Park Drive,"1 Marina Park Drive, Boston, MA 02210, United States"
x Park St,"150 M.L.K. Jr Blvd, Boston, MA 02119, United States"
x Park St Lodging House,"50 Park Plaza, Boston, MA 02116, United States"
x Park St/YouthBuild,"27 Centre St, Boston, MA 02119, United States"
x Parker Hill Ave,"248 Parker Hill Ave, Mission Hill, MA 02120, United States"
x Peacevale Rd,"9 Peacevale Rd, Boston, MA 02124, United States"
x Peterborough,"693 The Queensway, Peterborough, ON K9J 7J6, Canada"
x Peterborough Street,"75 Peterborough St, Boston, MA 02215, United States"
x Pier 4,"100 Pier 4 Blvd. #2218, Boston, MA 02210, United States"
x Pleasant St,"388 Pleasant St, Malden, MA 02148, United States"
x Prescott Street,"Worcester, MA 01605, United States"
x Prince St Catholic Church Property,"320 Hanover St, Boston, MA 02113, United States"
x Princeton St (AOP),"Princeton St, Boston, MA 02128, USA"
x Princeton Street (1-4),"93-1/2 Princeton St, Boston, MA 02128, USA"
x Puritan Ave,"330 Brookline Ave, Boston, MA 02215, United States"
x Putnam St (AOP),"Saratoga Springs, NY 12866, United States"
x Quincy St (REO),"Boston, MA 02125, United States"
x Quincy Street,"417 Hancock St, Quincy, MA 02171, United States"
x Quincy Street (1-4),"1 Quincy St APT 4B, Brooklyn, NY 11238, USA"
x Ridgewood St. (REO),"23 Chestnut St, Ridgewood, NJ 07450, United States"
x Rill St (BuildHome),"51 Charles St, Boston, MA 02114, United States"
x River St,"73 River St, Mattapan, MA 02126, United States"
x River St (AOP),"Boston, MA 02136, United States"
x River Street,"Cambridge St, Boston, MA 02215, United States"
x Robert Street,"45 Francis St, Boston, MA 02115, United States"
x Rockland Avenue,
x Rockwell Street,"4030 N Rockwell St, Chicago, IL 60618, United States"
x Roxbury St,"72 Dale St, Boston, MA 02119, United States"
x Ruggles Assisted Living,"25 Ruggles St, Boston, MA 02119, United States"
x Ruskindale Road,"154 Ruskindale Rd, Hyde Park, MA 02136, United States"
x Rutherford Ave,"510 Rutherford Ave, Boston, MA 02129, United States"
x Saratoga St,"1007 Saratoga St, Boston, MA 02128, United States"
x Saratoga St (AOP),"222 E Saratoga St, Baltimore, MD 21202, United States"
x Savin Hill Ave,"125 Savin Hill Ave, Dorchester, MA 02124, United States"
x Savin Street,"178 Savin St # 100, Malden, MA 02148, United States"
x Schuyler St (BuildHome),"Schuyler St, Boston, MA 02121, USA"
x Seaver Street,"232 Seaver St, Boston, MA 02121, United States"
x Selden St,
x Selden St (BuildHome),"10 Selden St, Woodbridge, CT 06525, United States"
x Shetland St,"13 Shetland St, Boston, MA 02119, United States"
x South Huntington,"South Huntington, NY 11746, USA"
x Southern Ave (Johnson VUP),"131 Johnson Rd, Portland, ME 04102, United States"
x Spencer St (RDP),"373 Spencer St Suite 103, Syracuse, NY 13204, United States"
x Spencer Street,"94 Main St, Spencer, MA 01562, United States"
x Spring Street,"Brockton, MA 02301, United States"
x St Alphonsus St,"Boston, MA 02120, United States"
x St Andrew Rd (AOP),"63 Federal Rd, Barrington, RI 02806, United States"
x St. Andrew Rd (AOP),"63 Federal Rd, Barrington, RI 02806, United States"
x Stanwood St,"Boston, MA 02121, United States"
x Stillman St. Conodminium,"173 Pleasant St, Cambridge, MA 02139, United States"
x Stonley,"100 Mathilda Pl #160, Sunnyvale, CA 94086, United States"
x Stoughton Neighborhood Homes,"2708 Olso Run, Stoughton, WI 53589, United States"
x Stratton Street,"3001 Stratton St, Queens, NY 11354, United States"
x Summit Aveue,"Winthrop, MA 02152, United States"
x Sumner Street,"520 Sumner Ave, Springfield, MA 01108, United States"
x Sumner Street [Clippership Wharf Offsite Affd],"63 Lewis St, East Boston, MA 02128, United States"
x SUSSEX (RDP),"14 Cross St, Saint Leonards-on-sea TN37 6DP, United Kingdom"
x Sussex Street (RDP),"195 Old Colony Ave, Boston, MA 02127, United States"
x Taber St,"10 Taber St, Boston, MA 02119, United States"
x Tafthill Park,"17 Taft Hill Terrace, Boston, MA 02131, United States"
x Talbot Ave,"191 Talbot Ave, Boston, MA 02124, United States"
x Talbot Ave (REO),"Talbot Ave, Boston, MA 02124, USA"
x Talbot Avenue,"191 Talbot Ave, Boston, MA 02124, United States"
x Tennis Road,"131 Dale St, Boston, MA 02119, United States"
x Toledo Terrace,"Hyattsville, MD 20782, United States"
x Tonawanda St (Johnson VUP),"Buffalo, NY 14207, United States"
x Topliff St (REO),"Boston, MA 02122, United States"
x Tremlett Street,"Tremlett St, Boston, MA 02124, USA"
x Tremont,"Boston, MA 02120, United States"
x Tremont St,"Boston, MA 02120, United States"
x Tremont Street,"Boston, MA 02120, United States"
x Tremont Street Apartments,"791 Tremont St, Boston, MA 02118, United States"
x Truman Parkway,"735 Truman Pkwy, Hyde Park, MA 02136, United States"
x Union Ave,"50 Union St, Newton Centre, MA 02459, United States"
x Verrill St & x 0-x 4 Ballou Ave,"Verrill St, Boston, MA 02126, USA"
x W Broadway,"30 W Broadway, Boston, MA 02127, United States"
x W Broadway [Seaport Square Block M Offsite],"77 Sleeper St One Seaport Square, Boston, MA 02210, United States"
x W Newton St,"252 W Newton St, Boston, MA 02116, United States"
x W Park St (AOP),"4 Avery St, Boston, MA 02111, United States"
x W Second,"1168 Commonwealth Ave, Boston, MA 02134, United States"
x W Second St,"340 W 2nd St, Boston, MA 02127, United States"
x Walk Hill St (Johnson VUP),"Walk Hill St, Boston, MA, USA"
x Walley St,"11 Walley St, Boston, MA 02128, United States"
x Wareham,"2421 Cranberry Hwy, Wareham, MA 02571, United States"
x Warren St. Lodging,"3 Centre Pl, Boston, MA 02119, United States"
x Warren Street (1-4),"1 Warren St, Watertown, MA 02472, USA"
x Warren Supportive Housing Phase 1 - Acquisition,"Warren St, Boston, MA, USA"
x Washington,"3160 Washington St, Boston, MA 02130, United States"
x Washington (Archer/Bonell),
x Washington [Belvidere/Dalton East Offsites],"13.5 acre Plaza at the intersections of Massachusetts Ave, Clearway St Belvidere St, and, Huntington Ave, Boston, MA 02115, United States"
x Washington St,"3160 Washington St, Boston, MA 02130, United States"
x Washington St (AOP),"558 Washington St, Boston, MA 02111, United States"
x Washington St AB&W Cooperative Building,"3531 Washington St, Jamaica Plain, MA 02130, United States"
x Washington St Lodging,"15 Hooker St, Boston, MA 02134, United States"
x Washington Street,"3160 Washington St, Boston, MA 02130, United States"
x Washington Street Project,"1145 Washington St, Boston, MA 02118, United States"
x Waverly Street,"89 Waverly St, Ashland, MA 01721, United States"
x Wayland St. Dorchester - COB,"70 Wayland St, Boston, MA 02125, United States"
"x Wellesley Park, #1","1 Wellesley Park, Boston, MA 02124, USA"
x Wenhan St (RDP),
x Wentworth St (BuildHome),"299 E Bay St, Charleston, SC 29401, United States"
x West 7th St (BRA acq),"W 7th St, Fort Worth, TX, USA"
x West 7th Street,"1697 7th St W, St Paul, MN 55116, United States"
x West Broadway,"395 W Broadway, Boston, MA 02127, United States"
x West Second St Condos,"340 W 2nd St, Boston, MA 02127, United States"
x West Walnut Pk.,"661 VFW Pkwy, Chestnut Hill, MA 02467, United States"
x Western Ave,"267 Western Ave Rear, Allston, MA 02134, United States"
x Westland Avenue,"16 Westland Ave, Boston, MA 02115, United States"
x Westminister Ave,"Providence, RI 02909, United States"
x Westminster (AOP),"6775 W 88th Ave, Westminster, CO 80031, United States"
x Westmore Rd (BuildHome),"Westmore Rd, San Diego, CA 92126, USA"
x Wheatland Avenue,"119 W Wheatland Rd G, Duncanville, TX 75116, United States"
x Wildwood Street,"Wildwood St, Winchester, MA 01890, USA"
x Willow Court,"25 Cobb St, Mansfield, MA 02048, United States"
x Winston Rd,"113 Charles St, Boston, MA 02114, United States"
x Woodbine (REO),"555 Rexdale Blvd, Etobicoke, ON M9W 5L2, Canada"
x Woodbine Street,"7537 Woodbine Ave, Markham, ON L3R 6L3, Canada"
x Woodrow Ave (James VUP),"Boston, MA 02124, United States"
x Woodville,
x Woodward St (AOP),"650 Woodward St, San Marcos, CA 92069, United States"
x Wordsworth St (AOP),"7 Wordsworth St, Boston, MA 02128, United States"
x x Harrishof St,"Norwood, MA 02062, United States"
x Zeigler Street,"1735 Massachusetts Ave, Cambridge, MA 02138, United States"
xx A Street,"20 A St, Oklahoma 73068, USA"
xx B Street,"20 B St, Oklahoma 73068, USA"
xx Blue Hill Ave,"1624 Blue Hill Avenue, Mattapan, MA 02126, United States"
xx Bowdoin St,"230 Bowdoin St, Dorchester, MA 02122, United States"
xx Chaucer St (AOP),
xx Chelsea St (AOP),"63 Chelsea St, Everett, MA 02149, United States"
xx Coleman Street,"233 Coleman St, Wolverhampton WV6 0RQ, United Kingdom"
xx Cummins Highway,"820 Cummins Hwy, Mattapan, MA 02126, United States"
xx Dorchester Ave,"2297 Dorchester Ave, Boston, MA 02124, United States"
xx Dorchester St,"2297 Dorchester Ave, Boston, MA 02124, United States"
xx Eustis Street,"20 Eustis St, Roxbury, MA 02119, United States"
xx Everett St,"25 Charlton St, Everett, MA 02149, United States"
xx Gladstone St (AOP),"5200 Yonge St #200, North York, ON M2N 5P6, Canada"
xx Harrison Ave,"345 Harrison Ave, Boston, MA 02118, United States"
xx Huckins St,"10 Corporate Dr, Burlington, MA 01803, United States"
xx L Street,"658 E 8th St, Boston, MA 02127, United States"
xx Lexington St (1-4 Program),
xx Magnolia St,"49 W 27th St, New York, NY 10001, United States"
xx Marion St,"Marion St, Brookline, MA 02446, USA"
xx Market St,"10 Buick St, Boston, MA 02215, United States"
xx Maverick St,"173 Maverick St, Boston, MA 02128, United States"
xx Maywood Street,"Maywood St, Boston, MA 02119, USA"
xx Nelson Street,"3 Nelson St, Leicester LE1 7BF, United Kingdom"
xx Old Colony Ave,"60 Old Colony Ave, Boston, MA 02127, United States"
xx River Street,"Cambridge St, Boston, MA 02215, United States"
xx Saratoga St (AOP),"Saratoga St, Massachusetts, USA"
xx Talbot Ave,"210 Talbot Ave, Boston, MA 02124, United States"
xx Tremont Street,"279 Tremont St, Boston, MA 02116, United States"
xx W Broadway,"45 W Broadway, Boston, MA 02127, United States"
xx Washington St,"Norwood, MA 02062, United States"
xx Wentworth St (BuildHome),"5200 Yonge St #200, North York, ON M2N 5P6, Canada"
xx West Broadway,"45 W Broadway, Boston, MA 02127, United States"
xxx A Street,Al Kooteia Street - Jumeirah - Jumeirah 3 - Dubai - United Arab Emirates
xxx Beacon St,"2082 Beacon Manor Dr, Fort Myers, FL 33907, United States"
xxx Blue Hill Ave,"x x x, 119 Braintree St UNIT 403, Allston, MA 02134, United States"
xxx Blue Hill Avenue,"Blue Hill Avenue, Massachusetts, USA"
xxx Boylston Street,"x x x, 119 Braintree St UNIT 403, Allston, MA 02134, United States"
xxx Clarkson St (REO),
xxx Harrison Ave,
xxx Marion St,"Marion St, Brookline, MA 02446, USA"
xxx Saratoga Street,"Saratoga St, Massachusetts, USA"
xxx Washington St,"98 NE Gilman Blvd, Issaquah, WA 98027, United States"
xxx West Broadway,"W Broadway, Boston, MA, USA"
xxxx Beacon St,"Beacon St, Massachusetts, USA"
xxxx Blue Hill Ave,"Blue Hill Avenue, Massachusetts, USA"
xxxx Blue Hill Avenue,"Blue Hill Avenue, Massachusetts, USA"
xxxx Boylston Street,"XX XXXX st, Lowell, MA 01850, United States"
xxxx Clarkson St (REO),
xxxx Saratoga Street,"XX XXXX st, Lowell, MA 01850, United States"
xxxx Washington St,
xxxx West Broadway,"W Broadway, Boston, MA, USA"
xxxxx Blue Hill Ave,"1621 Blue Hill Avenue, Mattapan, MA 02126, United States"
xxxxx Clarkson St (REO),
xxxxx Washington St,
xxxxx West Broadway,"275 W Broadway, Boston, MA 02127, United States"
xxxxxx Washington St,
xxxxxx West Broadway,"275 W Broadway, Boston, MA 02127, United States"
xxxxxxx Blue Hill Ave,"388 Blue Hill Avenue, Boston, MA 02121, United States"
xxxxxxxx Blue Hill Ave,"491 Blue Hill Avenue, Boston, MA 02121, United States"
YouthBuild Ruskindale Rd,"1785 Columbus Ave #500, Roxbury, MA 02119, United States"
YWCA Berkeley,"2600 Bancroft Way, Berkeley, CA 94704, United States"
YWCA Boston Units,"140 Clarendon St, Boston, MA 02116, United States"
Zebra Condominium,"479 King St W, Hamilton, ON L8P 1B9, Canada"
